region_id,selection_method,split,label,prediction
0,spatial_uniform_bfs,train,2.645499945,-0.602109497
1,history_hotspot_bfs,train,168.234497070,174.698641717
2,fixed_random_bfs,validation,22.881500244,17.902487954
3,history_hotspot_bfs,train,94.834503174,102.190108300
4,fixed_random_bfs,train,32.918998718,33.601514479
5,history_hotspot_bfs,train,173.335006714,177.838799804
6,fixed_random_bfs,train,4.763000011,3.605138967
7,history_hotspot_bfs,validation,47.102001190,52.780793845
8,fixed_random_bfs,validation,11.784500122,13.678234415
9,fixed_random_bfs,train,105.591499329,109.543821772
10,history_hotspot_bfs,train,151.779495239,156.738820493
11,fixed_random_bfs,train,46.157001495,43.948421314
12,history_hotspot_bfs,holdout,157.134002686,152.704806592
13,fixed_random_bfs,holdout,3.425499916,13.830295266
14,history_hotspot_bfs,train,20.801500320,23.445123843
15,fixed_random_bfs,validation,9.458999634,-2.720182309
16,history_hotspot_bfs,train,154.365005493,157.817728755
17,fixed_random_bfs,train,18.884000778,13.335896826
18,history_hotspot_bfs,holdout,158.975006104,168.145084138
19,fixed_random_bfs,train,23.849000931,25.850313282
20,history_hotspot_bfs,train,148.434997559,145.522938138
21,fixed_random_bfs,train,96.127502441,97.526603085
22,fixed_random_bfs,validation,29.061000824,24.891647965
23,history_hotspot_bfs,train,58.232498169,62.634826693
24,fixed_random_bfs,train,0.541999996,-6.754344608
25,history_hotspot_bfs,validation,165.966995239,167.454338128
26,fixed_random_bfs,train,40.335998535,41.247157398
27,fixed_random_bfs,train,28.468000412,29.748741895
28,history_hotspot_bfs,train,181.048492432,184.883460710
29,fixed_random_bfs,train,24.681499481,26.726897578
30,history_hotspot_bfs,validation,133.523498535,145.364941363
31,fixed_random_bfs,train,84.011001587,86.173702052
32,history_hotspot_bfs,holdout,122.976997375,132.315546328
33,fixed_random_bfs,train,130.211502075,131.932551028
34,fixed_random_bfs,train,33.577999115,34.868478567
35,fixed_random_bfs,validation,6.902500153,3.878919999
36,history_hotspot_bfs,train,93.158996582,94.583605384
37,fixed_random_bfs,train,23.850500107,25.458083572
38,history_hotspot_bfs,train,176.216995239,173.617615408
39,fixed_random_bfs,validation,75.439498901,79.767245792
40,history_hotspot_bfs,train,59.235500336,63.914112884
41,fixed_random_bfs,train,31.757999420,37.019551410
42,fixed_random_bfs,train,26.715499878,17.769320882
43,history_hotspot_bfs,train,147.398498535,151.325560779
44,history_hotspot_bfs,train,105.497497559,107.174736920
45,fixed_random_bfs,train,3.046999931,2.388969193
46,spatial_uniform_bfs,train,2.720499992,0.370255664
47,history_hotspot_bfs,train,142.274993896,143.932049631
48,fixed_random_bfs,holdout,51.850498199,52.067698741
49,history_hotspot_bfs,train,160.667007446,164.937640996
50,fixed_random_bfs,train,182.844497681,182.114743105
51,history_hotspot_bfs,train,177.042007446,173.560954309
52,fixed_random_bfs,holdout,12.526000023,15.769150372
53,spatial_uniform_bfs,train,3.059000015,-0.353475200
54,fixed_random_bfs,train,28.721500397,28.248986694
55,history_hotspot_bfs,train,70.136497498,70.015946598
56,fixed_random_bfs,train,38.730998993,40.235217157
57,history_hotspot_bfs,train,159.645492554,158.706181528
58,fixed_random_bfs,holdout,16.900999069,24.513256379
59,spatial_uniform_bfs,train,5.015999794,2.280675668
60,history_hotspot_bfs,validation,62.401000977,61.624587972
61,fixed_random_bfs,train,0.994000018,-3.170300775
62,fixed_random_bfs,holdout,0.466500014,-13.248360815
63,history_hotspot_bfs,train,111.810501099,108.090994103
64,fixed_random_bfs,train,77.133003235,69.863001261
65,spatial_uniform_bfs,validation,3.677500010,0.005142337
66,history_hotspot_bfs,train,105.115997314,104.482410618
67,fixed_random_bfs,train,6.522500038,6.924002113
68,fixed_random_bfs,train,6.993500233,-6.680583999
69,history_hotspot_bfs,train,152.216995239,146.904538084
70,fixed_random_bfs,train,3.927500010,-0.074479997
71,history_hotspot_bfs,train,81.572502136,83.045270788
72,fixed_random_bfs,train,68.168998718,72.046176158
73,fixed_random_bfs,train,29.464000702,24.738514600
74,history_hotspot_bfs,train,155.251007080,155.561240974
75,fixed_random_bfs,train,51.852001190,53.118443402
76,history_hotspot_bfs,train,161.044006348,166.497156792
77,fixed_random_bfs,train,2.798000097,-1.218251727
78,fixed_random_bfs,train,3.003499985,3.750164398
79,fixed_random_bfs,train,7.834499836,-1.244700319
80,fixed_random_bfs,train,122.240997314,122.281823598
81,history_hotspot_bfs,validation,154.837997437,163.001672908
82,fixed_random_bfs,holdout,82.831001282,100.596420466
83,history_hotspot_bfs,train,141.225494385,138.378263648
84,fixed_random_bfs,train,48.770999908,50.820942091
85,fixed_random_bfs,holdout,5.533500195,2.809920684
86,fixed_random_bfs,train,15.936499596,19.517309030
87,history_hotspot_bfs,train,168.779495239,183.090541659
88,fixed_random_bfs,validation,41.332500458,26.630071180
89,history_hotspot_bfs,train,156.501495361,155.338603328
90,fixed_random_bfs,train,5.032499790,2.594756907
91,spatial_uniform_bfs,validation,2.585500002,1.220772482
92,history_hotspot_bfs,train,49.013000488,46.356477534
93,fixed_random_bfs,train,22.655500412,14.158821712
94,fixed_random_bfs,train,29.513500214,33.370598579
95,history_hotspot_bfs,train,111.187500000,107.252531260
96,fixed_random_bfs,train,29.288000107,22.634964567
97,history_hotspot_bfs,train,44.223499298,44.334990816
98,fixed_random_bfs,train,128.960494995,128.541762014
99,fixed_random_bfs,train,34.599498749,38.383233971
100,fixed_random_bfs,train,7.466499805,11.326819057
101,history_hotspot_bfs,train,185.608001709,180.221965614
102,fixed_random_bfs,train,35.090499878,34.843945661
103,history_hotspot_bfs,train,60.301498413,64.386098993
104,fixed_random_bfs,holdout,96.485496521,128.908710081
105,fixed_random_bfs,train,3.921499968,-1.729287620
106,history_hotspot_bfs,train,126.285499573,136.628285616
107,fixed_random_bfs,validation,86.159500122,52.444395553
108,fixed_random_bfs,validation,23.111000061,-1.085131872
109,history_hotspot_bfs,train,138.584503174,140.276019222
110,fixed_random_bfs,train,22.264499664,20.445205347
111,fixed_random_bfs,train,1.817000031,1.557508042
112,history_hotspot_bfs,holdout,133.897506714,124.820389216
113,fixed_random_bfs,train,84.272499084,111.072109883
114,history_hotspot_bfs,holdout,165.311004639,162.909854946
115,fixed_random_bfs,train,2.818000078,-2.160208766
116,history_hotspot_bfs,validation,86.136001587,88.751016442
117,fixed_random_bfs,validation,8.562500000,-15.303971511
118,history_hotspot_bfs,train,155.377502441,155.838576815
119,fixed_random_bfs,train,62.559501648,63.286178062
120,history_hotspot_bfs,holdout,122.538002014,134.208425000
121,fixed_random_bfs,holdout,2.687500000,-0.666804330
122,spatial_uniform_bfs,train,2.830499887,1.233170470
123,history_hotspot_bfs,train,47.701000214,53.033495599
124,fixed_random_bfs,train,76.458503723,73.367546706
125,spatial_uniform_bfs,train,2.597500086,0.838492191
126,fixed_random_bfs,validation,86.246498108,74.526669209
127,fixed_random_bfs,validation,3.460000038,24.634011973
128,history_hotspot_bfs,validation,73.710502625,64.687037723
129,fixed_random_bfs,holdout,5.387499809,20.442955767
130,fixed_random_bfs,validation,103.807502747,99.369552536
131,history_hotspot_bfs,train,105.016502380,106.825788870
132,fixed_random_bfs,holdout,67.050498962,62.999646596
133,history_hotspot_bfs,train,121.521499634,121.552797619
134,fixed_random_bfs,train,13.285499573,13.439478711
135,fixed_random_bfs,train,34.506999969,32.588078453
136,fixed_random_bfs,train,91.000503540,91.211919255
137,fixed_random_bfs,train,125.512496948,128.276203586
138,fixed_random_bfs,train,27.232000351,30.771970510
139,history_hotspot_bfs,train,145.207504272,146.812389600
140,fixed_random_bfs,train,25.895500183,15.350387754
141,fixed_random_bfs,holdout,92.997497559,73.671093365
142,fixed_random_bfs,holdout,16.293500900,18.916455178
143,fixed_random_bfs,train,119.416999817,119.320491985
144,history_hotspot_bfs,train,151.158004761,153.031747877
145,fixed_random_bfs,train,11.048000336,12.677599413
146,fixed_random_bfs,train,129.563003540,131.345710680
147,fixed_random_bfs,train,25.954999924,30.716112111
148,fixed_random_bfs,train,32.918498993,34.342304381
149,fixed_random_bfs,validation,6.565499783,12.150469070
150,fixed_random_bfs,train,2.335500002,-1.613489872
151,fixed_random_bfs,holdout,50.666500092,84.023406613
152,history_hotspot_bfs,train,154.723999023,158.175003964
153,fixed_random_bfs,train,7.910500050,-2.163905228
154,history_hotspot_bfs,train,150.332000732,152.030897023
155,fixed_random_bfs,train,45.703998566,51.978025807
156,history_hotspot_bfs,train,153.770492554,159.455133326
157,fixed_random_bfs,train,20.004999161,21.275421977
158,fixed_random_bfs,validation,9.039500237,1.986061564
159,history_hotspot_bfs,train,155.600494385,157.437094334
160,fixed_random_bfs,holdout,94.655998230,87.238229188
161,fixed_random_bfs,holdout,9.154000282,19.805558879
162,history_hotspot_bfs,validation,165.570495605,167.303761259
163,fixed_random_bfs,validation,3.476000071,28.966231886
164,fixed_random_bfs,train,54.091499329,53.733542630
165,history_hotspot_bfs,train,93.398002625,88.348699032
166,fixed_random_bfs,train,29.348499298,27.249687275
167,history_hotspot_bfs,train,147.978500366,143.122335550
168,fixed_random_bfs,holdout,62.944999695,69.097390931
169,history_hotspot_bfs,validation,62.459499359,61.006580647
170,fixed_random_bfs,train,19.022499084,17.274335595
171,fixed_random_bfs,train,23.365999222,21.372224766
172,fixed_random_bfs,train,0.749000013,-3.595758173
173,fixed_random_bfs,holdout,8.541000366,13.002490105
174,fixed_random_bfs,holdout,27.829500198,41.497120533
175,history_hotspot_bfs,train,166.535507202,161.836403687
176,fixed_random_bfs,train,20.479499817,23.210648075
177,fixed_random_bfs,train,4.501999855,-1.793476550
178,history_hotspot_bfs,train,106.160003662,106.684520609
179,fixed_random_bfs,train,55.278999329,55.349612442
180,history_hotspot_bfs,train,180.869003296,177.014097513
181,fixed_random_bfs,validation,43.372001648,33.950739089
182,history_hotspot_bfs,train,119.513999939,117.521981023
183,fixed_random_bfs,train,24.520500183,23.422152489
184,fixed_random_bfs,train,16.318500519,12.780567469
185,fixed_random_bfs,train,1.536999941,-4.686180780
186,history_hotspot_bfs,train,141.302505493,141.172067279
187,fixed_random_bfs,validation,42.986999512,32.071550144
188,fixed_random_bfs,train,4.844500065,-0.189252449
189,fixed_random_bfs,holdout,39.427501678,51.443443518
190,history_hotspot_bfs,train,126.012496948,127.540101715
191,fixed_random_bfs,train,52.719501495,54.303319935
192,fixed_random_bfs,train,95.847999573,84.311774505
193,fixed_random_bfs,validation,27.394500732,16.495795236
194,history_hotspot_bfs,train,178.080505371,183.450258691
195,fixed_random_bfs,train,158.639007568,160.128435812
196,history_hotspot_bfs,train,200.639495850,203.291707312
197,fixed_random_bfs,train,12.222499847,13.981829978
198,fixed_random_bfs,train,4.748499870,-1.060969961
199,fixed_random_bfs,train,11.441499710,10.670413720
200,history_hotspot_bfs,validation,57.695499420,81.376286087
201,fixed_random_bfs,train,49.608001709,49.139488575
202,fixed_random_bfs,validation,0.577499986,-6.375308839
203,history_hotspot_bfs,train,173.829498291,174.360388448
204,fixed_random_bfs,train,3.877000093,4.900243048
205,fixed_random_bfs,train,73.871002197,75.061443741
206,fixed_random_bfs,train,9.102499962,12.241713675
207,fixed_random_bfs,holdout,3.954999924,-6.181959586
208,fixed_random_bfs,validation,109.144500732,103.791489229
209,history_hotspot_bfs,validation,92.488502502,135.959118041
210,fixed_random_bfs,train,18.053499222,17.973176048
211,spatial_uniform_bfs,train,2.561500072,4.594694701
212,fixed_random_bfs,train,69.467498779,75.632383568
213,history_hotspot_bfs,train,132.511993408,130.426269683
214,fixed_random_bfs,validation,27.899000168,31.149252483
215,fixed_random_bfs,train,26.064500809,22.854755667
216,fixed_random_bfs,train,149.631500244,150.372608790
217,fixed_random_bfs,train,9.130999565,10.211883779
218,fixed_random_bfs,validation,7.826499939,5.583542171
219,fixed_random_bfs,train,24.877500534,32.195762739
220,history_hotspot_bfs,validation,68.712997437,62.227506749
221,fixed_random_bfs,train,45.957000732,51.374745309
222,fixed_random_bfs,train,21.148500443,21.367239938
223,fixed_random_bfs,train,24.993499756,28.213613980
224,fixed_random_bfs,train,19.325500488,15.997565426
225,history_hotspot_bfs,validation,124.321502686,124.079815166
226,fixed_random_bfs,validation,12.168499947,13.670220917
227,fixed_random_bfs,holdout,126.177001953,126.778003193
228,history_hotspot_bfs,train,52.483501434,58.177335161
229,fixed_random_bfs,train,0.365999997,0.912131383
230,history_hotspot_bfs,validation,38.618000031,31.288965936
231,fixed_random_bfs,train,4.352499962,-3.576628306
232,history_hotspot_bfs,holdout,128.150497437,133.020950025
233,fixed_random_bfs,train,54.423999786,44.656049296
234,fixed_random_bfs,holdout,89.272499084,73.716395262
235,fixed_random_bfs,train,51.294998169,57.893061707
236,history_hotspot_bfs,train,88.514503479,85.596693079
237,fixed_random_bfs,train,19.666500092,12.958992594
238,fixed_random_bfs,train,56.362998962,53.115637329
239,fixed_random_bfs,train,73.275001526,75.229246596
240,history_hotspot_bfs,train,132.792999268,134.720857183
241,fixed_random_bfs,train,59.747501373,60.988039314
242,history_hotspot_bfs,train,76.271003723,75.735270679
243,fixed_random_bfs,train,37.400501251,42.141158236
244,fixed_random_bfs,train,7.472499847,9.527984318
245,fixed_random_bfs,train,85.238998413,85.449050445
246,history_hotspot_bfs,train,58.650001526,61.397382025
247,fixed_random_bfs,train,46.821498871,50.127833516
248,fixed_random_bfs,validation,98.761497498,64.943016041
249,history_hotspot_bfs,train,63.930000305,68.425324534
250,fixed_random_bfs,train,50.206001282,55.851312744
251,fixed_random_bfs,train,77.628501892,77.207194488
252,history_hotspot_bfs,train,85.870498657,90.404417655
253,fixed_random_bfs,holdout,7.939000130,16.132435705
254,history_hotspot_bfs,train,53.647998810,53.032456812
255,fixed_random_bfs,train,6.199500084,-16.971521136
256,history_hotspot_bfs,train,87.837997437,90.062218345
257,fixed_random_bfs,validation,3.604000092,9.371680630
258,history_hotspot_bfs,train,78.512496948,79.097894406
259,fixed_random_bfs,train,26.217500687,26.223932519
260,fixed_random_bfs,holdout,4.255499840,1.178040570
261,fixed_random_bfs,train,131.878494263,132.971459253
262,fixed_random_bfs,validation,4.570000172,1.733154075
263,spatial_uniform_bfs,train,2.520499945,0.421803773
264,fixed_random_bfs,holdout,7.999499798,22.325419589
265,history_hotspot_bfs,train,169.205505371,168.970211388
266,fixed_random_bfs,holdout,20.426000595,33.808701857
267,history_hotspot_bfs,train,183.087005615,186.462713455
268,spatial_uniform_bfs,train,2.552999973,1.540347824
269,fixed_random_bfs,train,3.763999939,0.398572723
270,fixed_random_bfs,validation,12.809000015,23.048813185
271,history_hotspot_bfs,holdout,150.608001709,149.154503095
272,fixed_random_bfs,train,128.888504028,126.952175363
273,history_hotspot_bfs,train,165.879501343,166.036306445
274,fixed_random_bfs,train,26.319499969,31.825865259
275,spatial_uniform_bfs,train,3.136499882,-1.821132563
276,fixed_random_bfs,train,1.488000035,-3.157740898
277,history_hotspot_bfs,validation,152.692993164,157.559374382
278,fixed_random_bfs,train,5.594500065,4.393574782
279,fixed_random_bfs,train,11.583000183,12.937643502
280,fixed_random_bfs,holdout,3.967000008,13.181610004
281,fixed_random_bfs,train,4.719999790,2.009454503
282,spatial_uniform_bfs,train,2.962500095,-2.157240804
283,history_hotspot_bfs,holdout,175.524505615,168.474480737
284,fixed_random_bfs,train,15.532500267,14.850056762
285,fixed_random_bfs,train,5.870999813,-0.498358978
286,fixed_random_bfs,train,55.734500885,55.250982501
287,history_hotspot_bfs,validation,74.080497742,70.974087463
288,fixed_random_bfs,train,35.610000610,34.618857760
289,fixed_random_bfs,train,19.343999863,21.491449161
290,history_hotspot_bfs,train,176.384994507,177.274320354
291,fixed_random_bfs,validation,4.965499878,16.249353184
292,history_hotspot_bfs,train,147.776000977,143.938896181
293,fixed_random_bfs,train,34.957500458,30.812039688
294,fixed_random_bfs,train,5.614999771,9.364645211
295,fixed_random_bfs,train,8.086000443,12.506098409
296,history_hotspot_bfs,holdout,145.997497559,143.087583409
297,fixed_random_bfs,train,23.842500687,24.809459018
298,spatial_uniform_bfs,train,3.025000095,-3.236378409
299,history_hotspot_bfs,validation,66.549499512,72.743131280
300,fixed_random_bfs,train,10.450499535,13.031835833
301,history_hotspot_bfs,train,93.339500427,97.057388479
302,fixed_random_bfs,train,1.075999975,3.251324133
303,history_hotspot_bfs,train,155.648498535,167.955586490
304,fixed_random_bfs,train,6.098499775,4.216515594
305,fixed_random_bfs,train,51.832000732,53.273467156
306,spatial_uniform_bfs,train,3.394500017,-0.092517114
307,fixed_random_bfs,train,94.055000305,101.955818030
308,history_hotspot_bfs,train,139.477996826,142.524931954
309,fixed_random_bfs,train,14.730999947,13.776214271
310,history_hotspot_bfs,train,154.082992554,150.878052771
311,fixed_random_bfs,train,5.164999962,5.676382056
312,history_hotspot_bfs,train,84.345001221,84.532182806
313,fixed_random_bfs,validation,25.290000916,45.394864491
314,fixed_random_bfs,train,30.784999847,30.973657040
315,history_hotspot_bfs,train,103.339500427,105.427790931
316,fixed_random_bfs,holdout,25.903499603,13.899603931
317,history_hotspot_bfs,train,104.889503479,106.385336517
318,fixed_random_bfs,train,111.362503052,109.701450925
319,history_hotspot_bfs,train,97.091003418,101.024296078
320,fixed_random_bfs,train,33.576000214,34.810365528
321,fixed_random_bfs,train,27.033000946,27.460469935
322,fixed_random_bfs,train,126.938003540,127.457632835
323,fixed_random_bfs,train,19.519500732,19.240472346
324,history_hotspot_bfs,train,124.866996765,123.350694752
325,fixed_random_bfs,train,4.143000126,0.705116012
326,fixed_random_bfs,holdout,32.666000366,21.452019107
327,history_hotspot_bfs,holdout,152.041503906,176.948181769
328,spatial_uniform_bfs,train,5.495500088,6.832932887
329,fixed_random_bfs,train,11.821999550,11.541938989
330,fixed_random_bfs,validation,4.077000141,11.573018276
331,history_hotspot_bfs,train,170.078994751,173.526161697
332,fixed_random_bfs,train,53.188999176,52.654340100
333,fixed_random_bfs,train,51.381999969,54.912367513
334,fixed_random_bfs,train,140.251998901,141.194360724
335,history_hotspot_bfs,validation,170.559997559,181.014937690
336,fixed_random_bfs,train,34.106498718,38.502338635
337,fixed_random_bfs,train,116.168998718,113.112199486
338,history_hotspot_bfs,train,38.384998322,39.946016212
339,fixed_random_bfs,train,10.459500313,11.043196531
340,fixed_random_bfs,train,83.975997925,85.975863755
341,fixed_random_bfs,train,4.407000065,0.941001562
342,fixed_random_bfs,holdout,4.300499916,6.737668042
343,history_hotspot_bfs,train,128.789993286,127.112600471
344,fixed_random_bfs,train,45.078498840,44.904518331
345,fixed_random_bfs,holdout,170.656005859,151.859632107
346,history_hotspot_bfs,holdout,172.414001465,194.722296242
347,history_hotspot_bfs,train,150.486999512,152.935916421
348,fixed_random_bfs,holdout,30.714000702,24.720986759
349,history_hotspot_bfs,train,167.824005127,163.239501124
350,fixed_random_bfs,train,3.758500099,0.757129551
351,fixed_random_bfs,validation,61.957000732,28.522602465
352,history_hotspot_bfs,train,101.578498840,97.921274618
353,fixed_random_bfs,holdout,121.048500061,124.944976179
354,fixed_random_bfs,train,6.276999950,4.703278277
355,fixed_random_bfs,train,6.910999775,-3.389026107
356,history_hotspot_bfs,train,162.375000000,159.360725143
357,fixed_random_bfs,holdout,58.678501129,64.944584339
358,history_hotspot_bfs,validation,24.747499466,36.244731122
359,fixed_random_bfs,holdout,39.395500183,21.913911615
360,spatial_uniform_bfs,validation,2.975500107,-0.536760363
361,fixed_random_bfs,holdout,29.343000412,8.141854857
362,spatial_uniform_bfs,train,3.201999903,-3.837161434
363,fixed_random_bfs,train,106.354499817,104.486872680
364,fixed_random_bfs,train,17.256000519,11.513190227
365,fixed_random_bfs,holdout,127.814498901,144.157715947
366,fixed_random_bfs,train,10.117500305,-1.354690304
367,history_hotspot_bfs,train,109.415000916,106.457727816
368,fixed_random_bfs,validation,4.587500095,8.684280323
369,fixed_random_bfs,train,64.841499329,63.231891334
370,fixed_random_bfs,train,74.181999207,78.366445153
371,history_hotspot_bfs,train,177.723007202,176.015027437
372,fixed_random_bfs,holdout,24.316999435,25.106346311
373,fixed_random_bfs,holdout,11.775500298,16.502341616
374,fixed_random_bfs,validation,3.602999926,-3.299643224
375,fixed_random_bfs,train,39.213500977,42.592622403
376,history_hotspot_bfs,train,177.557006836,178.367407383
377,fixed_random_bfs,train,27.618999481,29.079402313
378,history_hotspot_bfs,train,134.815994263,136.039806144
379,fixed_random_bfs,holdout,5.208000183,18.357655329
380,fixed_random_bfs,train,13.347499847,4.092893219
381,fixed_random_bfs,train,4.774499893,-1.859783526
382,spatial_uniform_bfs,train,3.288500071,-3.582476541
383,fixed_random_bfs,train,12.357000351,15.275574867
384,history_hotspot_bfs,holdout,157.818496704,159.310816159
385,fixed_random_bfs,train,35.030998230,35.307740362
386,fixed_random_bfs,validation,33.302501678,35.554219514
387,fixed_random_bfs,train,10.188500404,13.916005296
388,fixed_random_bfs,validation,78.945999146,47.553748471
389,fixed_random_bfs,validation,21.816499710,20.794939233
390,history_hotspot_bfs,holdout,152.029495239,159.478060835
391,fixed_random_bfs,train,52.147499084,51.515777481
392,fixed_random_bfs,validation,69.755996704,53.529158796
393,fixed_random_bfs,train,23.152000427,19.524826744
394,fixed_random_bfs,holdout,5.519499779,2.725886878
395,fixed_random_bfs,train,131.774505615,137.090275931
396,history_hotspot_bfs,holdout,152.254501343,153.835674431
397,fixed_random_bfs,validation,118.111999512,123.731248228
398,fixed_random_bfs,validation,4.466000080,24.638113157
399,spatial_uniform_bfs,holdout,3.571500063,1.790041144
400,history_hotspot_bfs,train,145.533996582,152.464745659
401,fixed_random_bfs,train,83.566497803,86.260268744
402,fixed_random_bfs,train,20.337999344,16.737255833
403,fixed_random_bfs,train,24.203500748,26.038266241
404,history_hotspot_bfs,train,180.485504150,174.798162889
405,fixed_random_bfs,validation,5.933000088,-3.631434429
406,fixed_random_bfs,train,68.922500610,64.026032044
407,fixed_random_bfs,train,5.498499870,6.520871886
408,fixed_random_bfs,train,30.909999847,32.330086642
409,fixed_random_bfs,train,26.940000534,28.052409782
410,history_hotspot_bfs,validation,122.824501038,118.274440414
411,fixed_random_bfs,train,35.833499908,36.118946856
412,history_hotspot_bfs,train,101.756500244,103.294568021
413,fixed_random_bfs,train,19.229499817,15.225959307
414,fixed_random_bfs,train,31.708000183,27.962993172
415,fixed_random_bfs,train,10.738499641,7.264133966
416,spatial_uniform_bfs,train,3.670000076,-3.562098782
417,fixed_random_bfs,train,10.515999794,6.597694893
418,history_hotspot_bfs,train,143.632507324,145.184266657
419,fixed_random_bfs,train,8.859000206,14.432144060
420,history_hotspot_bfs,train,80.940002441,83.521510695
421,fixed_random_bfs,train,91.350502014,91.864172818
422,history_hotspot_bfs,holdout,135.870498657,125.701914494
423,fixed_random_bfs,validation,15.585000038,5.089872231
424,history_hotspot_bfs,train,62.829498291,62.271861766
425,fixed_random_bfs,holdout,129.905502319,102.989724565
426,spatial_uniform_bfs,train,3.736999989,-0.206156343
427,fixed_random_bfs,holdout,6.018000126,-11.777027226
428,spatial_uniform_bfs,train,3.766000032,2.169063422
429,fixed_random_bfs,train,19.945999146,19.875046296
430,history_hotspot_bfs,validation,194.527496338,194.583247208
431,fixed_random_bfs,holdout,17.976499557,22.778435191
432,fixed_random_bfs,holdout,32.271499634,41.553400518
433,fixed_random_bfs,train,4.690000057,0.619915257
434,fixed_random_bfs,holdout,30.433000565,28.499705311
435,history_hotspot_bfs,train,169.486999512,175.022621784
436,fixed_random_bfs,train,5.371500015,0.943375932
437,spatial_uniform_bfs,train,3.796999931,2.768139869
438,history_hotspot_bfs,validation,75.945503235,78.742413465
439,fixed_random_bfs,train,12.432499886,15.784394906
440,history_hotspot_bfs,holdout,85.174003601,98.283558263
441,fixed_random_bfs,train,30.020500183,34.633822361
442,fixed_random_bfs,train,18.089500427,12.322273616
443,fixed_random_bfs,holdout,6.024000168,11.001658550
444,history_hotspot_bfs,holdout,150.343505859,148.640715092
445,fixed_random_bfs,train,1.849499941,-3.324992320
446,fixed_random_bfs,train,14.289999962,14.578666963
447,fixed_random_bfs,holdout,29.774499893,18.282896406
448,fixed_random_bfs,validation,40.785999298,48.551386844
449,spatial_uniform_bfs,holdout,4.423999786,1.959488183
450,history_hotspot_bfs,train,163.348007202,166.729197482
451,fixed_random_bfs,train,23.062500000,28.962322945
452,spatial_uniform_bfs,train,4.434999943,0.851510753
453,fixed_random_bfs,train,18.586999893,21.612619595
454,history_hotspot_bfs,train,112.419998169,111.568208156
455,spatial_uniform_bfs,train,4.874000072,-0.462156583
456,fixed_random_bfs,train,146.201507568,150.469971444
457,fixed_random_bfs,train,79.966499329,85.240272846
458,fixed_random_bfs,train,8.887999535,8.815130361
459,fixed_random_bfs,train,21.439500809,29.072549018
460,fixed_random_bfs,train,52.788501740,57.585897423
461,history_hotspot_bfs,holdout,178.626998901,171.288412549
462,fixed_random_bfs,train,24.859500885,21.915820554
463,spatial_uniform_bfs,train,4.014999866,2.180253989
464,history_hotspot_bfs,holdout,184.375503540,172.596960151
465,fixed_random_bfs,train,3.462500095,6.711732099
466,spatial_uniform_bfs,train,4.476500034,1.881177823
467,history_hotspot_bfs,holdout,153.590499878,158.052514810
468,fixed_random_bfs,train,21.461999893,24.228392705
469,fixed_random_bfs,holdout,0.755999982,-2.209234107
470,fixed_random_bfs,train,39.237998962,39.697899622
471,history_hotspot_bfs,train,158.044998169,159.541103053
472,fixed_random_bfs,train,7.696000099,5.018718707
473,fixed_random_bfs,train,6.054999828,-3.165639725
474,fixed_random_bfs,holdout,24.916000366,16.168853951
475,history_hotspot_bfs,train,125.971000671,128.329545963
476,fixed_random_bfs,train,65.517501831,57.973393992
477,fixed_random_bfs,train,4.051000118,4.540600215
478,history_hotspot_bfs,train,163.839004517,166.205250954
479,fixed_random_bfs,train,50.880001068,55.084863459
480,history_hotspot_bfs,train,107.597503662,110.906143454
481,fixed_random_bfs,train,47.537498474,53.830508994
482,fixed_random_bfs,validation,7.294000149,7.539365253
483,spatial_uniform_bfs,validation,4.500500202,6.186780511
484,fixed_random_bfs,train,20.173000336,21.304315765
485,spatial_uniform_bfs,validation,4.734000206,6.541010185
486,history_hotspot_bfs,train,175.951004028,176.094568827
487,fixed_random_bfs,train,125.571502686,125.538865437
488,fixed_random_bfs,train,0.280499995,-0.984180682
489,history_hotspot_bfs,train,84.129997253,88.762163164
490,fixed_random_bfs,train,34.646999359,37.244374555
491,history_hotspot_bfs,holdout,47.965999603,49.153933783
492,fixed_random_bfs,train,83.517501831,81.379044943
493,fixed_random_bfs,train,13.260000229,16.114472787
494,fixed_random_bfs,train,4.361999989,0.239759758
495,spatial_uniform_bfs,train,4.804999828,6.828194266
496,history_hotspot_bfs,train,132.725006104,131.094621068
497,fixed_random_bfs,train,20.434999466,11.923770713
498,history_hotspot_bfs,validation,51.470001221,64.344074501
499,fixed_random_bfs,validation,31.234500885,14.872356951
500,history_hotspot_bfs,train,190.341995239,195.282903850
501,fixed_random_bfs,train,26.318500519,26.064991392
502,history_hotspot_bfs,train,173.438003540,174.600010933
503,fixed_random_bfs,train,24.347499847,25.772920292
504,fixed_random_bfs,train,12.578000069,12.342024056
505,fixed_random_bfs,train,38.505500793,42.773453939
506,fixed_random_bfs,validation,5.836500168,19.477784541
507,spatial_uniform_bfs,train,5.202499866,0.948900389
508,history_hotspot_bfs,train,166.979995728,166.306161672
509,fixed_random_bfs,train,15.821999550,16.482810401
510,fixed_random_bfs,train,28.217500687,31.584691340
511,fixed_random_bfs,holdout,54.369998932,55.652589961
512,history_hotspot_bfs,validation,169.833496094,173.947261586
513,fixed_random_bfs,holdout,10.819499969,2.783937523
514,history_hotspot_bfs,train,160.589996338,160.509758261
515,fixed_random_bfs,train,72.446502686,76.185540916
516,fixed_random_bfs,train,23.062500000,25.110926417
517,fixed_random_bfs,train,22.154499054,22.179834292
518,history_hotspot_bfs,train,167.430496216,161.981193030
519,fixed_random_bfs,train,3.869499922,6.298305067
520,spatial_uniform_bfs,train,5.735499859,1.647545226
521,history_hotspot_bfs,train,57.437000275,56.971568432
522,fixed_random_bfs,train,9.484999657,4.518296653
523,history_hotspot_bfs,train,167.982498169,163.957046485
524,fixed_random_bfs,train,58.870498657,64.542392562
525,fixed_random_bfs,train,18.398500443,15.810189197
526,fixed_random_bfs,validation,10.739999771,11.712134764
527,history_hotspot_bfs,validation,157.707992554,166.188306587
528,fixed_random_bfs,holdout,5.785999775,4.729976447
529,history_hotspot_bfs,train,172.227996826,171.206226975
530,fixed_random_bfs,train,7.117000103,8.132758727
531,spatial_uniform_bfs,train,5.886499882,1.994786698
532,fixed_random_bfs,train,51.195499420,49.197202795
533,fixed_random_bfs,train,30.334499359,32.879667259
534,fixed_random_bfs,train,1.072999954,-0.675876851
535,fixed_random_bfs,train,4.236499786,4.266778711
536,fixed_random_bfs,validation,4.431499958,6.939327591
537,spatial_uniform_bfs,train,5.915999889,1.697582372
538,history_hotspot_bfs,train,122.621002197,124.226054763
539,fixed_random_bfs,train,9.022500038,9.483579555
540,fixed_random_bfs,train,20.714000702,19.450755848
541,fixed_random_bfs,train,114.357498169,114.301596891
542,fixed_random_bfs,train,99.130996704,101.192562677
543,fixed_random_bfs,train,39.993999481,38.616239248
544,history_hotspot_bfs,train,135.078994751,139.606817920
545,fixed_random_bfs,holdout,54.180500031,48.914043170
546,fixed_random_bfs,train,33.759998322,34.978310036
547,spatial_uniform_bfs,train,5.669499874,1.561460828
548,fixed_random_bfs,validation,21.660999298,24.580814621
549,fixed_random_bfs,train,25.513500214,28.727476182
550,history_hotspot_bfs,holdout,74.877998352,99.301181477
551,fixed_random_bfs,holdout,40.599998474,42.868413556
552,fixed_random_bfs,train,26.086500168,26.576290354
553,history_hotspot_bfs,holdout,142.611495972,142.422577727
554,fixed_random_bfs,train,103.552497864,103.697013592
555,fixed_random_bfs,train,7.809500217,3.215762548
556,fixed_random_bfs,holdout,4.386000156,5.377805047
557,history_hotspot_bfs,train,173.558502197,173.512981246
558,fixed_random_bfs,train,17.741500854,17.333273256
559,fixed_random_bfs,train,68.075500488,65.492844550
560,history_hotspot_bfs,train,178.072998047,172.706477960
561,fixed_random_bfs,train,45.727001190,46.754822764
562,history_hotspot_bfs,validation,155.911499023,162.772768815
563,history_hotspot_bfs,train,179.024002075,182.066527208
564,fixed_random_bfs,train,13.171500206,-2.634455416
565,fixed_random_bfs,train,54.222999573,47.554306651
566,history_hotspot_bfs,train,154.231002808,157.442625537
567,fixed_random_bfs,train,5.698500156,0.144373496
568,fixed_random_bfs,train,82.758499146,80.715960004
569,fixed_random_bfs,train,96.350997925,95.657798634
570,fixed_random_bfs,train,17.937000275,10.983446054
571,history_hotspot_bfs,holdout,111.163002014,105.326836368
572,fixed_random_bfs,train,0.889999986,0.769871553
573,fixed_random_bfs,holdout,26.235000610,13.028314750
574,spatial_uniform_bfs,train,5.643499851,0.319220203
575,fixed_random_bfs,train,92.431503296,95.558287580
576,history_hotspot_bfs,train,177.740997314,176.752889849
577,fixed_random_bfs,train,22.159000397,20.430207019
578,fixed_random_bfs,train,14.073499680,11.592620318
579,spatial_uniform_bfs,train,6.138500214,-1.369476153
580,fixed_random_bfs,holdout,8.650500298,8.415355956
581,fixed_random_bfs,train,24.983499527,28.678052864
582,history_hotspot_bfs,holdout,142.009506226,142.161599405
583,spatial_uniform_bfs,train,6.606500149,-0.024807101
584,fixed_random_bfs,train,95.129501343,98.593383174
585,fixed_random_bfs,holdout,24.283000946,18.229928396
586,fixed_random_bfs,validation,24.591499329,20.418038374
587,history_hotspot_bfs,train,125.227500916,125.855567252
588,fixed_random_bfs,train,3.601500034,-0.340051916
589,spatial_uniform_bfs,validation,6.802499771,1.415285312
590,fixed_random_bfs,holdout,30.460500717,43.453796904
591,spatial_uniform_bfs,holdout,7.071000099,2.451201966
592,fixed_random_bfs,train,56.757999420,61.887574727
593,history_hotspot_bfs,validation,47.772499084,76.952971653
594,fixed_random_bfs,train,5.006000042,4.309095782
595,history_hotspot_bfs,train,46.373001099,49.367350509
596,fixed_random_bfs,train,31.549999237,43.855608410
597,history_hotspot_bfs,validation,72.260498047,80.786563780
598,fixed_random_bfs,train,98.515502930,98.478556760
599,fixed_random_bfs,train,20.274000168,15.924637871
600,history_hotspot_bfs,train,138.455001831,136.131522924
601,fixed_random_bfs,holdout,16.008499146,13.672831375
602,history_hotspot_bfs,validation,165.651000977,161.926305964
603,fixed_random_bfs,train,87.058502197,91.920904743
604,history_hotspot_bfs,holdout,155.563003540,141.223210666
605,fixed_random_bfs,train,25.938999176,16.678243974
606,history_hotspot_bfs,train,62.932498932,65.222107365
607,fixed_random_bfs,validation,98.991500854,102.673869294
608,history_hotspot_bfs,train,158.147506714,161.507749079
609,fixed_random_bfs,train,20.142999649,18.716977757
610,fixed_random_bfs,train,25.059499741,23.579741170
611,fixed_random_bfs,train,25.935499191,29.114896444
612,fixed_random_bfs,train,26.236999512,31.107846036
613,fixed_random_bfs,holdout,40.652500153,28.974268993
614,spatial_uniform_bfs,holdout,6.936500072,0.387078614
615,fixed_random_bfs,holdout,24.284500122,20.699357356
616,history_hotspot_bfs,train,180.806503296,183.203944801
617,fixed_random_bfs,holdout,10.581000328,21.084217751
618,spatial_uniform_bfs,train,8.269499779,4.638768941
619,fixed_random_bfs,validation,8.699000359,24.916309033
620,fixed_random_bfs,train,1.692999959,-7.200038112
621,fixed_random_bfs,train,33.261501312,28.451307289
622,fixed_random_bfs,train,5.365499973,5.512041261
623,history_hotspot_bfs,validation,149.807006836,169.780829348
624,fixed_random_bfs,validation,148.393997192,147.210494526
625,fixed_random_bfs,train,10.447500229,2.440088971
626,fixed_random_bfs,train,53.993999481,54.076410995
627,fixed_random_bfs,train,6.740499973,6.645408260
628,fixed_random_bfs,train,92.288497925,98.926418900
629,history_hotspot_bfs,train,179.921005249,184.898057688
630,fixed_random_bfs,train,14.350999832,12.613036115
631,history_hotspot_bfs,train,85.779998779,86.320322763
632,fixed_random_bfs,train,39.493000031,44.962668470
633,fixed_random_bfs,train,113.797996521,112.622617239
634,fixed_random_bfs,train,14.565999985,10.211984959
635,spatial_uniform_bfs,holdout,5.868999958,8.139969526
636,history_hotspot_bfs,validation,152.307495117,151.821419592
637,history_hotspot_bfs,validation,42.755500793,41.150415317
638,fixed_random_bfs,train,0.396499991,0.010154146
639,fixed_random_bfs,train,2.588000059,2.759910519
640,history_hotspot_bfs,train,131.417495728,130.973959910
641,fixed_random_bfs,holdout,5.072500229,14.431176099
642,fixed_random_bfs,train,28.388500214,28.556194402
643,history_hotspot_bfs,train,122.777496338,123.334370959
644,fixed_random_bfs,train,41.164501190,43.917896833
645,history_hotspot_bfs,train,56.526000977,58.379603479
646,fixed_random_bfs,validation,31.475999832,47.094623252
647,history_hotspot_bfs,train,137.514999390,137.283793819
648,fixed_random_bfs,train,42.156501770,42.875900915
649,history_hotspot_bfs,holdout,96.622497559,119.963737107
650,fixed_random_bfs,holdout,36.014999390,14.732093751
651,fixed_random_bfs,train,0.209500000,0.969035315
652,history_hotspot_bfs,train,105.682502747,105.844158944
653,fixed_random_bfs,train,97.810501099,95.893657203
654,spatial_uniform_bfs,train,6.293499947,1.674715572
655,history_hotspot_bfs,train,52.033000946,56.729787429
656,fixed_random_bfs,train,4.692999840,4.618738568
657,fixed_random_bfs,train,23.795499802,30.396563750
658,fixed_random_bfs,train,1.041499972,-3.259764603
659,history_hotspot_bfs,train,139.365493774,136.665054622
660,fixed_random_bfs,validation,4.626500130,9.643630295
661,spatial_uniform_bfs,train,6.365499973,1.874732623
662,fixed_random_bfs,train,55.647499084,56.055958593
663,history_hotspot_bfs,train,163.904006958,161.873159202
664,fixed_random_bfs,train,1.843999982,-6.573717120
665,history_hotspot_bfs,train,108.877998352,111.690771509
666,fixed_random_bfs,train,5.768499851,10.151512727
667,fixed_random_bfs,train,4.160999775,2.583444923
668,fixed_random_bfs,train,102.574996948,105.875059479
669,fixed_random_bfs,train,18.525499344,15.727902442
670,fixed_random_bfs,train,8.998499870,2.295690859
671,spatial_uniform_bfs,train,7.172500134,2.778591818
672,fixed_random_bfs,train,4.792500019,6.500865122
673,spatial_uniform_bfs,holdout,5.293000221,-0.353266094
674,fixed_random_bfs,train,56.051498413,62.720391697
675,fixed_random_bfs,train,64.913002014,69.802300530
676,fixed_random_bfs,train,6.611999989,5.245491264
677,fixed_random_bfs,train,23.603000641,22.926340894
678,history_hotspot_bfs,train,186.339004517,192.388128792
679,fixed_random_bfs,holdout,28.295499802,-3.186327772
680,fixed_random_bfs,train,129.679992676,132.045947424
681,spatial_uniform_bfs,validation,5.773499966,10.150561630
682,history_hotspot_bfs,train,87.266502380,93.636022708
683,fixed_random_bfs,train,4.679500103,2.997954587
684,history_hotspot_bfs,train,90.402999878,87.870688466
685,fixed_random_bfs,holdout,4.616000175,15.459780774
686,history_hotspot_bfs,train,126.667999268,131.366364999
687,fixed_random_bfs,validation,37.990001678,14.183135395
688,history_hotspot_bfs,train,120.040496826,118.784471246
689,fixed_random_bfs,train,10.152000427,3.604160889
690,fixed_random_bfs,train,8.102000237,9.186547236
691,fixed_random_bfs,train,18.781999588,16.889819214
692,spatial_uniform_bfs,train,6.296999931,5.790776767
693,fixed_random_bfs,train,9.670499802,6.011893332
694,fixed_random_bfs,validation,8.859499931,4.740849981
695,fixed_random_bfs,train,25.953500748,20.126597966
696,history_hotspot_bfs,train,46.812000275,48.459919641
697,fixed_random_bfs,train,1.683500051,2.302972485
698,spatial_uniform_bfs,train,5.670499802,6.791007047
699,fixed_random_bfs,validation,92.338500977,86.027948121
700,spatial_uniform_bfs,validation,5.986999989,5.346354765
701,fixed_random_bfs,train,46.867500305,63.645137927
702,spatial_uniform_bfs,train,6.698999882,3.750029491
703,fixed_random_bfs,train,4.751999855,0.911207267
704,spatial_uniform_bfs,train,6.699999809,1.449231381
705,fixed_random_bfs,train,3.970499992,-5.345871112
706,history_hotspot_bfs,train,122.033500671,121.185943987
707,fixed_random_bfs,validation,1.832499981,-4.516973202
708,history_hotspot_bfs,validation,71.392997742,115.010491316
709,fixed_random_bfs,train,80.932502747,85.100392445
710,fixed_random_bfs,train,58.430500031,62.831885900
711,spatial_uniform_bfs,train,6.876999855,2.430888288
712,fixed_random_bfs,validation,66.719001770,73.335200975
713,fixed_random_bfs,train,14.224499702,15.758509553
714,fixed_random_bfs,train,56.368999481,53.131337175
715,history_hotspot_bfs,holdout,43.669498444,58.014344283
716,fixed_random_bfs,train,18.790500641,17.020264530
717,history_hotspot_bfs,train,93.222503662,92.643977933
718,fixed_random_bfs,train,6.129000187,9.275640068
719,history_hotspot_bfs,train,142.621505737,147.373361458
720,fixed_random_bfs,train,4.342500210,2.466409400
721,fixed_random_bfs,train,34.425498962,33.840290419
722,fixed_random_bfs,train,3.611000061,3.033421736
723,history_hotspot_bfs,train,170.608001709,166.402843045
724,fixed_random_bfs,train,81.232498169,78.667873766
725,spatial_uniform_bfs,train,6.828000069,-3.132519964
726,fixed_random_bfs,train,1.879500031,-5.790202051
727,fixed_random_bfs,train,1.616500020,-1.868255710
728,history_hotspot_bfs,train,53.969501495,52.090115288
729,fixed_random_bfs,holdout,1.685999990,-2.392397854
730,fixed_random_bfs,train,21.114999771,19.200064213
731,fixed_random_bfs,train,53.478500366,57.427722316
732,fixed_random_bfs,validation,3.282000065,10.998147585
733,history_hotspot_bfs,validation,131.779495239,148.859683257
734,fixed_random_bfs,train,110.211997986,107.622268537
735,fixed_random_bfs,holdout,19.153999329,12.820203257
736,fixed_random_bfs,train,57.633998871,58.396047318
737,history_hotspot_bfs,train,138.532501221,143.248042244
738,fixed_random_bfs,train,31.113000870,38.219296212
739,spatial_uniform_bfs,holdout,7.972499847,3.444454162
740,history_hotspot_bfs,train,168.832992554,168.972767882
741,fixed_random_bfs,train,37.993499756,34.169636428
742,history_hotspot_bfs,train,169.860504150,171.268432767
743,fixed_random_bfs,train,120.013000488,115.372670408
744,fixed_random_bfs,holdout,3.180999994,22.321702891
745,fixed_random_bfs,holdout,4.453499794,-3.975137955
746,fixed_random_bfs,train,33.126998901,32.940458210
747,history_hotspot_bfs,validation,44.599498749,43.864819212
748,fixed_random_bfs,train,91.608001709,89.644352861
749,fixed_random_bfs,holdout,43.126998901,26.205908893
750,history_hotspot_bfs,train,132.630004883,130.860921018
751,fixed_random_bfs,train,1.856500030,-0.140402488
752,history_hotspot_bfs,train,180.998504639,179.218065853
753,fixed_random_bfs,train,0.200000003,-5.097513375
754,fixed_random_bfs,train,32.111000061,32.073509673
755,fixed_random_bfs,train,2.334000111,-2.169888370
756,spatial_uniform_bfs,holdout,7.763999939,-1.935277695
757,fixed_random_bfs,train,56.306499481,59.253958430
758,history_hotspot_bfs,train,166.663497925,176.585496774
759,fixed_random_bfs,validation,19.927999496,16.158152423
760,history_hotspot_bfs,train,147.410003662,149.417599463
761,fixed_random_bfs,train,7.653500080,5.542145842
762,fixed_random_bfs,train,40.710998535,44.971818563
763,fixed_random_bfs,train,13.387000084,10.815853991
764,fixed_random_bfs,train,1.464499950,-2.534657684
765,history_hotspot_bfs,holdout,151.227493286,152.106708223
766,fixed_random_bfs,validation,5.876500130,20.415043430
767,fixed_random_bfs,train,21.149499893,19.880935003
768,fixed_random_bfs,validation,28.497999191,28.803509980
769,fixed_random_bfs,train,1.460999966,2.745441702
770,spatial_uniform_bfs,train,7.889500141,1.812547067
771,history_hotspot_bfs,holdout,77.641502380,102.981103983
772,fixed_random_bfs,train,147.085998535,148.549322089
773,spatial_uniform_bfs,validation,7.256000042,0.450356920
774,fixed_random_bfs,train,16.120000839,14.753466452
775,fixed_random_bfs,train,21.822000504,14.013833381
776,fixed_random_bfs,train,31.142499924,33.249450068
777,fixed_random_bfs,train,28.314500809,31.206141238
778,fixed_random_bfs,train,148.107498169,148.563831377
779,fixed_random_bfs,train,26.060499191,27.993532829
780,fixed_random_bfs,train,51.032001495,55.172578549
781,fixed_random_bfs,train,22.973499298,23.902250747
782,fixed_random_bfs,validation,16.434499741,15.717227895
783,fixed_random_bfs,train,1.883999944,-0.827613924
784,fixed_random_bfs,train,3.818500042,0.623982715
785,history_hotspot_bfs,train,74.274497986,79.906272904
786,fixed_random_bfs,validation,6.199999809,6.594436880
787,fixed_random_bfs,train,46.532001495,46.220669650
788,history_hotspot_bfs,train,187.671997070,192.061369632
789,fixed_random_bfs,train,29.916000366,30.665882721
790,fixed_random_bfs,train,115.091003418,116.868442468
791,spatial_uniform_bfs,holdout,8.012499809,0.567712848
792,fixed_random_bfs,train,4.716000080,3.006963027
793,fixed_random_bfs,validation,43.043498993,29.102808743
794,fixed_random_bfs,train,55.217498779,56.679363373
795,fixed_random_bfs,train,89.164497375,90.345139353
796,history_hotspot_bfs,train,46.409500122,46.187957983
797,fixed_random_bfs,train,13.997500420,8.406721884
798,fixed_random_bfs,train,42.061000824,43.148481272
799,spatial_uniform_bfs,holdout,8.741499901,1.472664792
800,fixed_random_bfs,train,21.098499298,14.520120533
801,fixed_random_bfs,holdout,3.574500084,4.335426330
802,history_hotspot_bfs,train,141.649993896,135.994969677
803,fixed_random_bfs,validation,2.525000095,-0.555114512
804,fixed_random_bfs,train,1.651999950,-3.553943631
805,spatial_uniform_bfs,validation,8.193499565,0.183759705
806,fixed_random_bfs,train,4.986499786,2.542277937
807,fixed_random_bfs,train,96.990997314,99.147505110
808,fixed_random_bfs,train,35.192001343,31.203340223
809,history_hotspot_bfs,train,161.488006592,163.945093691
810,fixed_random_bfs,holdout,18.496999741,23.596149280
811,history_hotspot_bfs,holdout,157.817504883,146.409414517
812,fixed_random_bfs,train,36.959499359,38.556003104
813,fixed_random_bfs,validation,5.863999844,-4.807051045
814,fixed_random_bfs,train,1.138499975,-2.291311756
815,history_hotspot_bfs,holdout,100.276496887,91.324465735
816,spatial_uniform_bfs,validation,8.378999710,5.723522066
817,history_hotspot_bfs,train,142.696502686,138.883599704
818,fixed_random_bfs,validation,6.107500076,22.625048875
819,fixed_random_bfs,train,90.660003662,97.785854592
820,fixed_random_bfs,train,24.205999374,22.885632593
821,history_hotspot_bfs,validation,39.726501465,39.807823839
822,fixed_random_bfs,train,20.938999176,24.291026828
823,history_hotspot_bfs,train,148.966506958,146.942467294
824,fixed_random_bfs,train,17.248500824,19.672179327
825,fixed_random_bfs,validation,141.395004272,126.639230719
826,spatial_uniform_bfs,train,7.804999828,3.977119080
827,fixed_random_bfs,train,3.677500010,-2.924290427
828,history_hotspot_bfs,train,42.085998535,43.694179928
829,fixed_random_bfs,train,4.203499794,5.267777963
830,fixed_random_bfs,validation,26.806499481,24.493546411
831,history_hotspot_bfs,train,155.006500244,152.990931650
832,fixed_random_bfs,train,18.318500519,10.554366393
833,history_hotspot_bfs,train,144.041000366,138.625218348
834,fixed_random_bfs,train,34.951000214,35.448946228
835,fixed_random_bfs,train,6.914999962,3.138113234
836,fixed_random_bfs,train,38.468498230,40.661258029
837,history_hotspot_bfs,holdout,100.295997620,103.990184187
838,fixed_random_bfs,train,14.590000153,6.530962958
839,fixed_random_bfs,train,28.863500595,26.283129877
840,history_hotspot_bfs,holdout,134.575500488,123.987835315
841,fixed_random_bfs,train,4.821499825,4.579500758
842,history_hotspot_bfs,train,154.297500610,158.408717505
843,fixed_random_bfs,train,3.783499956,12.076553318
844,fixed_random_bfs,train,8.354499817,10.352113253
845,history_hotspot_bfs,train,122.075500488,120.477066425
846,fixed_random_bfs,train,76.194000244,82.344944668
847,history_hotspot_bfs,train,114.146499634,114.031050263
848,fixed_random_bfs,validation,15.265500069,3.808488230
849,fixed_random_bfs,validation,86.013496399,84.452482900
850,fixed_random_bfs,train,24.113500595,24.425826280
851,fixed_random_bfs,validation,81.392997742,71.776422954
852,fixed_random_bfs,train,27.863500595,24.845091429
853,spatial_uniform_bfs,train,9.035499573,2.210797019
854,fixed_random_bfs,validation,60.027000427,39.179528141
855,history_hotspot_bfs,validation,110.615997314,112.688030454
856,fixed_random_bfs,holdout,112.805000305,131.856854498
857,fixed_random_bfs,train,19.931499481,20.611175149
858,history_hotspot_bfs,holdout,100.218498230,69.700903301
859,fixed_random_bfs,train,49.935501099,54.621419516
860,spatial_uniform_bfs,train,8.397500038,2.755731763
861,fixed_random_bfs,holdout,10.114500046,9.319903179
862,fixed_random_bfs,train,31.179500580,37.989994142
863,fixed_random_bfs,validation,37.780998230,45.083538735
864,history_hotspot_bfs,train,127.140998840,120.628054762
865,fixed_random_bfs,validation,8.253499985,-0.683242794
866,fixed_random_bfs,train,54.572498322,55.777880972
867,fixed_random_bfs,train,18.538999557,14.961726344
868,fixed_random_bfs,train,114.075996399,119.797234422
869,history_hotspot_bfs,train,155.230499268,158.730275985
870,fixed_random_bfs,train,110.725997925,113.112671662
871,history_hotspot_bfs,train,41.190498352,39.677849013
872,fixed_random_bfs,train,4.962999821,1.527777829
873,spatial_uniform_bfs,holdout,7.533999920,2.583927217
874,history_hotspot_bfs,holdout,180.453002930,175.433630601
875,fixed_random_bfs,holdout,11.673999786,14.614245411
876,spatial_uniform_bfs,holdout,8.458499908,3.571897789
877,fixed_random_bfs,validation,8.399000168,2.042135815
878,history_hotspot_bfs,train,143.393493652,139.778689919
879,fixed_random_bfs,train,1.111999989,-1.659419089
880,fixed_random_bfs,train,8.806500435,3.952157842
881,fixed_random_bfs,validation,72.086502075,14.723564232
882,fixed_random_bfs,train,26.869499207,29.864711650
883,spatial_uniform_bfs,holdout,9.833000183,4.064670595
884,history_hotspot_bfs,holdout,138.018997192,129.437209733
885,fixed_random_bfs,train,28.210500717,26.691008842
886,fixed_random_bfs,holdout,34.785499573,42.646119924
887,fixed_random_bfs,validation,19.368999481,26.238333882
888,fixed_random_bfs,train,5.979000092,-1.865631761
889,fixed_random_bfs,train,4.276999950,4.872229531
890,fixed_random_bfs,train,43.857498169,43.322316173
891,fixed_random_bfs,holdout,11.689999580,21.407853804
892,spatial_uniform_bfs,train,9.673000336,3.542467745
893,fixed_random_bfs,train,8.088000298,6.835300512
894,fixed_random_bfs,train,4.985499859,-10.409875860
895,history_hotspot_bfs,holdout,41.805999756,38.430743290
896,fixed_random_bfs,train,13.277999878,15.916826733
897,spatial_uniform_bfs,train,10.630999565,4.822064223
898,fixed_random_bfs,holdout,79.503501892,73.600978628
899,history_hotspot_bfs,holdout,169.556503296,163.449922906
900,fixed_random_bfs,train,7.863999844,10.526180870
901,fixed_random_bfs,train,36.759998322,39.393091579
902,history_hotspot_bfs,validation,137.427993774,125.867904532
903,fixed_random_bfs,train,25.645000458,30.986294489
904,fixed_random_bfs,train,2.888999939,-2.674529653
905,fixed_random_bfs,train,151.009994507,147.830994265
906,fixed_random_bfs,holdout,8.092000008,24.531677981
907,fixed_random_bfs,train,101.992500305,107.399323977
908,fixed_random_bfs,train,6.704500198,-5.044305905
909,fixed_random_bfs,train,13.923500061,14.739031363
910,history_hotspot_bfs,holdout,178.634002686,168.079471935
911,fixed_random_bfs,train,47.031501770,48.628580845
912,fixed_random_bfs,train,7.590000153,5.406746053
913,history_hotspot_bfs,train,154.236999512,153.762635577
914,fixed_random_bfs,train,38.718498230,42.538914090
915,fixed_random_bfs,train,9.575499535,6.980622739
916,fixed_random_bfs,validation,3.641000032,7.554609787
917,fixed_random_bfs,train,71.290000916,73.218769163
918,fixed_random_bfs,train,10.591500282,12.535892703
919,fixed_random_bfs,holdout,39.771999359,36.405372082
920,history_hotspot_bfs,train,115.472503662,112.612259725
921,history_hotspot_bfs,train,107.671997070,113.299420572
922,fixed_random_bfs,train,44.467998505,50.123155602
923,fixed_random_bfs,train,10.773500443,10.328969892
924,fixed_random_bfs,train,0.930499971,-2.432512562
925,fixed_random_bfs,train,32.134498596,41.189976906
926,fixed_random_bfs,train,31.173999786,43.614019651
927,fixed_random_bfs,validation,107.914497375,89.152274828
928,history_hotspot_bfs,train,81.761001587,76.346844609
929,fixed_random_bfs,validation,109.706001282,120.939178157
930,fixed_random_bfs,train,21.551500320,27.366844215
931,spatial_uniform_bfs,validation,10.726499557,4.957342596
932,history_hotspot_bfs,train,16.912000656,15.518310340
933,fixed_random_bfs,train,11.723999977,15.205895207
934,spatial_uniform_bfs,holdout,11.081500053,8.039318504
935,fixed_random_bfs,train,62.589000702,63.271923412
936,fixed_random_bfs,train,4.472000122,5.421049607
937,spatial_uniform_bfs,holdout,10.143500328,4.720978125
938,history_hotspot_bfs,train,81.491500854,84.167089715
939,fixed_random_bfs,holdout,131.717498779,128.683185418
940,fixed_random_bfs,holdout,0.640999973,-0.699849892
941,fixed_random_bfs,validation,29.052999496,26.497649471
942,history_hotspot_bfs,validation,175.985992432,169.601793767
943,fixed_random_bfs,train,70.225502014,66.621865844
944,history_hotspot_bfs,validation,63.345001221,74.908571759
945,fixed_random_bfs,train,9.213000298,7.247429060
946,spatial_uniform_bfs,train,12.175000191,10.113738662
947,fixed_random_bfs,train,26.978000641,10.410187506
948,fixed_random_bfs,train,36.814998627,34.717417717
949,history_hotspot_bfs,train,65.568000793,73.578560394
950,fixed_random_bfs,validation,91.380500793,66.697892897
951,history_hotspot_bfs,train,167.557495117,164.677849859
952,fixed_random_bfs,validation,45.572498322,6.890015572
953,spatial_uniform_bfs,train,11.873499870,8.149143228
954,fixed_random_bfs,train,2.688499928,-1.710414078
955,spatial_uniform_bfs,train,11.293000221,7.083776293
956,history_hotspot_bfs,holdout,93.683998108,106.030240063
957,fixed_random_bfs,train,14.833999634,5.685181390
958,spatial_uniform_bfs,train,9.404500008,7.032693614
959,history_hotspot_bfs,train,126.794998169,136.609418819
960,fixed_random_bfs,train,7.255499840,3.424393435
961,spatial_uniform_bfs,train,10.528499603,7.425064977
962,fixed_random_bfs,train,28.705999374,29.263503666
963,history_hotspot_bfs,train,157.664505005,152.759464316
964,fixed_random_bfs,holdout,75.336997986,59.151828486
965,fixed_random_bfs,train,26.163000107,23.596277442
966,fixed_random_bfs,holdout,15.016500473,7.392680461
967,fixed_random_bfs,train,13.329500198,14.691044808
968,fixed_random_bfs,validation,15.244500160,17.787793075
969,fixed_random_bfs,train,24.909999847,28.778181120
970,fixed_random_bfs,train,125.814002991,125.068807661
971,history_hotspot_bfs,holdout,128.600997925,135.091036283
972,fixed_random_bfs,holdout,16.513999939,17.994396978
973,fixed_random_bfs,train,5.205999851,4.345470184
974,fixed_random_bfs,train,37.700000763,42.433317026
975,history_hotspot_bfs,train,131.683502197,131.624651919
976,fixed_random_bfs,train,38.779998779,46.803405441
977,fixed_random_bfs,train,1.973000050,-0.185306408
978,fixed_random_bfs,train,13.890500069,7.038818409
979,fixed_random_bfs,train,108.943496704,110.654301734
980,history_hotspot_bfs,train,180.598007202,176.593874522
981,fixed_random_bfs,train,7.019000053,3.512440735
982,fixed_random_bfs,train,100.519996643,103.753900660
983,spatial_uniform_bfs,train,5.991000175,-0.316234018
984,fixed_random_bfs,train,13.308500290,8.162101081
985,fixed_random_bfs,holdout,20.004499435,24.519748796
986,fixed_random_bfs,validation,22.319999695,24.057421213
987,spatial_uniform_bfs,train,6.791999817,3.526555420
988,history_hotspot_bfs,train,164.106994629,162.463473415
989,fixed_random_bfs,train,65.462501526,67.192406008
990,fixed_random_bfs,train,25.677999496,22.432910415
991,history_hotspot_bfs,train,142.244995117,147.581368399
992,fixed_random_bfs,validation,26.168500900,27.461437895
993,history_hotspot_bfs,train,97.026000977,97.546677302
994,fixed_random_bfs,train,28.972000122,28.260824817
995,fixed_random_bfs,train,32.397998810,32.233496333
996,history_hotspot_bfs,validation,102.924003601,118.078028762
997,fixed_random_bfs,train,28.920999527,29.796645818
998,history_hotspot_bfs,train,157.738494873,154.348578791
999,fixed_random_bfs,train,23.800500870,26.612755818
1000,spatial_uniform_bfs,train,7.004000187,3.793267305
1001,fixed_random_bfs,train,11.090000153,11.902576764
1002,fixed_random_bfs,holdout,7.489500046,40.290689385
1003,spatial_uniform_bfs,holdout,6.053500175,3.170730465
1004,history_hotspot_bfs,holdout,156.727996826,157.586234441
1005,spatial_uniform_bfs,train,5.727000237,1.377936204
1006,history_hotspot_bfs,train,38.826999664,40.759622371
1007,fixed_random_bfs,train,28.216999054,32.589560747
1008,fixed_random_bfs,train,28.678499222,33.795838438
1009,spatial_uniform_bfs,train,6.913499832,2.081623205
1010,fixed_random_bfs,validation,33.175998688,16.398493290
1011,fixed_random_bfs,train,30.684000015,35.390764048
1012,history_hotspot_bfs,validation,146.809997559,141.567096318
1013,fixed_random_bfs,train,30.420999527,33.246638935
1014,fixed_random_bfs,train,3.250999928,-3.601431028
1015,fixed_random_bfs,holdout,4.592999935,9.441522180
1016,spatial_uniform_bfs,train,7.809000015,3.492234983
1017,history_hotspot_bfs,train,90.691001892,92.645681139
1018,fixed_random_bfs,train,88.669502258,88.805647184
1019,history_hotspot_bfs,train,174.537994385,172.456723932
1020,fixed_random_bfs,train,12.844499588,15.423494062
1021,fixed_random_bfs,train,5.822500229,6.903030761
1022,history_hotspot_bfs,train,107.077003479,115.374579347
1023,fixed_random_bfs,holdout,39.689498901,63.942588459
1024,fixed_random_bfs,holdout,14.588999748,14.092096523
1025,fixed_random_bfs,train,80.204498291,81.630960862
1026,fixed_random_bfs,train,59.838500977,58.338473381
1027,history_hotspot_bfs,train,184.483505249,182.355471830
1028,fixed_random_bfs,holdout,3.647500038,54.095203171
1029,fixed_random_bfs,train,13.241000175,10.849233449
1030,fixed_random_bfs,train,22.777999878,20.098398951
1031,fixed_random_bfs,train,36.359001160,39.570803381
1032,fixed_random_bfs,train,3.654000044,5.021450582
1033,history_hotspot_bfs,train,16.712499619,19.416394939
1034,fixed_random_bfs,holdout,69.123001099,48.639565678
1035,spatial_uniform_bfs,train,7.080500126,1.618395114
1036,history_hotspot_bfs,validation,134.498992920,120.184944735
1037,fixed_random_bfs,validation,3.608500004,5.160398435
1038,spatial_uniform_bfs,train,5.701000214,0.662525753
1039,history_hotspot_bfs,holdout,73.467002869,79.029853870
1040,fixed_random_bfs,holdout,9.238499641,25.413405621
1041,fixed_random_bfs,train,27.945499420,26.803008947
1042,fixed_random_bfs,train,128.174499512,129.167752483
1043,fixed_random_bfs,train,125.035003662,128.768042158
1044,fixed_random_bfs,validation,30.599000931,32.594491612
1045,fixed_random_bfs,validation,24.152000427,20.576615251
1046,fixed_random_bfs,train,63.354999542,65.800808582
1047,spatial_uniform_bfs,validation,6.277999878,-0.270129422
1048,fixed_random_bfs,train,5.227499962,0.972819467
1049,fixed_random_bfs,validation,6.412000179,21.759392077
1050,spatial_uniform_bfs,train,6.206500053,3.483820135
1051,fixed_random_bfs,train,5.514500141,7.979689443
1052,fixed_random_bfs,validation,88.379997253,84.317042638
1053,history_hotspot_bfs,train,75.944999695,71.080848103
1054,fixed_random_bfs,train,6.211500168,-2.344843003
1055,spatial_uniform_bfs,train,8.901000023,5.979380654
1056,fixed_random_bfs,holdout,128.362503052,131.704618268
1057,fixed_random_bfs,train,26.657499313,27.416109016
1058,fixed_random_bfs,train,7.491000175,2.683360700
1059,fixed_random_bfs,train,13.204500198,18.719304909
1060,fixed_random_bfs,validation,167.194000244,171.048115528
1061,history_hotspot_bfs,train,168.776992798,167.802749922
1062,fixed_random_bfs,train,126.729499817,131.801475019
1063,history_hotspot_bfs,holdout,33.387001038,38.659962729
1064,fixed_random_bfs,validation,91.267501831,104.458639938
1065,fixed_random_bfs,train,31.187000275,32.837867894
1066,history_hotspot_bfs,train,102.719001770,103.918733867
1067,fixed_random_bfs,train,29.831499100,29.335267646
1068,spatial_uniform_bfs,train,8.202500343,0.912785684
1069,fixed_random_bfs,holdout,83.478996277,89.176497448
1070,history_hotspot_bfs,train,167.207992554,166.270040222
1071,history_hotspot_bfs,train,85.434501648,83.154485056
1072,fixed_random_bfs,validation,1.560999990,-3.601761551
1073,spatial_uniform_bfs,train,8.112999916,2.665488845
1074,fixed_random_bfs,validation,12.451000214,27.518453126
1075,history_hotspot_bfs,holdout,102.118499756,96.180490524
1076,fixed_random_bfs,train,3.547499895,3.362393377
1077,fixed_random_bfs,train,78.806999207,84.434179342
1078,spatial_uniform_bfs,train,8.440500259,2.818163524
1079,fixed_random_bfs,train,114.093498230,114.483873622
1080,history_hotspot_bfs,holdout,96.485496521,86.119105036
1081,fixed_random_bfs,holdout,16.860000610,11.320896623
1082,history_hotspot_bfs,validation,134.746002197,157.307340418
1083,fixed_random_bfs,train,36.862998962,38.698622125
1084,fixed_random_bfs,holdout,39.270999908,26.712199419
1085,history_hotspot_bfs,train,128.238006592,128.781768984
1086,fixed_random_bfs,validation,26.210500717,71.093490610
1087,fixed_random_bfs,train,4.067500114,4.037044937
1088,history_hotspot_bfs,train,129.427505493,130.279004789
1089,fixed_random_bfs,train,5.012499809,-1.304882500
1090,fixed_random_bfs,train,4.378499985,3.651246936
1091,fixed_random_bfs,train,9.867500305,10.905678696
1092,fixed_random_bfs,train,38.173000336,35.046871652
1093,fixed_random_bfs,train,151.822998047,151.593311452
1094,history_hotspot_bfs,train,84.101501465,79.160923133
1095,fixed_random_bfs,train,11.530500412,9.689593239
1096,fixed_random_bfs,train,1.702999949,-0.117488469
1097,history_hotspot_bfs,validation,114.877502441,136.966518648
1098,fixed_random_bfs,train,7.359499931,4.610225913
1099,history_hotspot_bfs,train,72.124000549,68.268369075
1100,fixed_random_bfs,train,122.008003235,120.447899450
1101,fixed_random_bfs,train,4.394499779,6.255195415
1102,fixed_random_bfs,train,38.245998383,41.510889517
1103,history_hotspot_bfs,train,177.279998779,176.630259042
1104,fixed_random_bfs,validation,51.766998291,104.189833616
1105,spatial_uniform_bfs,train,9.871999741,5.104725533
1106,history_hotspot_bfs,train,57.908500671,67.590723414
1107,fixed_random_bfs,validation,91.001502991,97.624943818
1108,spatial_uniform_bfs,train,6.841000080,5.409683661
1109,history_hotspot_bfs,train,170.701004028,171.892284954
1110,fixed_random_bfs,train,43.520999908,43.192800032
1111,fixed_random_bfs,validation,18.722499847,7.835969241
1112,history_hotspot_bfs,train,180.405502319,179.426767566
1113,fixed_random_bfs,train,26.762500763,23.972038334
1114,fixed_random_bfs,validation,4.614500046,6.052935529
1115,history_hotspot_bfs,holdout,147.860504150,146.307518975
1116,fixed_random_bfs,holdout,100.578002930,103.554180406
1117,fixed_random_bfs,train,63.599998474,65.666101036
1118,history_hotspot_bfs,train,160.936004639,165.784562532
1119,fixed_random_bfs,validation,124.306999207,127.909457879
1120,history_hotspot_bfs,validation,138.257003784,126.289921791
1121,fixed_random_bfs,train,28.768499374,29.779720002
1122,fixed_random_bfs,holdout,27.341499329,32.210349599
1123,fixed_random_bfs,train,49.889499664,51.971602529
1124,history_hotspot_bfs,train,24.920499802,28.337620842
1125,fixed_random_bfs,train,30.649499893,23.415444220
1126,fixed_random_bfs,train,29.423500061,33.599924258
1127,history_hotspot_bfs,train,121.289497375,120.926004451
1128,fixed_random_bfs,train,3.351000071,3.218582112
1129,fixed_random_bfs,validation,42.766998291,33.014313254
1130,history_hotspot_bfs,validation,135.782501221,141.149477039
1131,fixed_random_bfs,holdout,29.477500916,38.469208756
1132,fixed_random_bfs,train,3.236500025,-2.124539255
1133,fixed_random_bfs,train,23.838499069,22.171571215
1134,fixed_random_bfs,train,113.900001526,106.494213517
1135,history_hotspot_bfs,train,26.896999359,32.283299077
1136,fixed_random_bfs,train,46.033000946,45.802976172
1137,fixed_random_bfs,train,91.966003418,95.301697120
1138,fixed_random_bfs,holdout,7.356999874,3.849813733
1139,fixed_random_bfs,validation,23.226499557,24.048571289
1140,history_hotspot_bfs,train,152.600997925,152.675315839
1141,fixed_random_bfs,validation,47.168498993,62.397605560
1142,history_hotspot_bfs,train,110.526496887,108.344711036
1143,fixed_random_bfs,holdout,9.602999687,17.137880155
1144,fixed_random_bfs,validation,3.632999897,-1.458555494
1145,history_hotspot_bfs,train,127.049003601,124.572672289
1146,fixed_random_bfs,train,10.102000237,9.336345015
1147,history_hotspot_bfs,train,145.838500977,140.015155571
1148,fixed_random_bfs,holdout,1.705000043,7.745372191
1149,fixed_random_bfs,validation,14.857000351,23.010587179
1150,fixed_random_bfs,train,43.928001404,38.812827965
1151,history_hotspot_bfs,train,78.644500732,80.160306869
1152,fixed_random_bfs,validation,36.707500458,51.158401092
1153,fixed_random_bfs,train,9.302499771,-4.565013719
1154,fixed_random_bfs,train,7.989999771,14.665999254
1155,fixed_random_bfs,train,61.101001740,64.784828709
1156,fixed_random_bfs,train,22.711500168,16.624169724
1157,fixed_random_bfs,train,32.947498322,33.435126464
1158,history_hotspot_bfs,holdout,126.591499329,128.871887112
1159,fixed_random_bfs,validation,3.847500086,4.053250686
1160,history_hotspot_bfs,train,125.046997070,120.818307892
1161,history_hotspot_bfs,train,163.854003906,173.000549062
1162,history_hotspot_bfs,train,170.756500244,169.332046466
1163,fixed_random_bfs,validation,32.717498779,36.961085926
1164,history_hotspot_bfs,train,158.488494873,152.884536946
1165,fixed_random_bfs,train,10.112500191,3.995328203
1166,fixed_random_bfs,train,83.282997131,79.096761184
1167,fixed_random_bfs,train,3.665499926,2.235505305
1168,fixed_random_bfs,holdout,54.551998138,53.972002381
1169,fixed_random_bfs,train,12.284999847,13.453849719
1170,history_hotspot_bfs,train,169.871002197,170.306812978
1171,spatial_uniform_bfs,validation,8.208000183,2.734558050
1172,fixed_random_bfs,train,53.131000519,53.960354394
1173,history_hotspot_bfs,validation,149.868499756,141.531831529
1174,fixed_random_bfs,train,6.567999840,5.059453990
1175,spatial_uniform_bfs,train,9.756999969,5.922055136
1176,fixed_random_bfs,holdout,6.757500172,10.122561604
1177,fixed_random_bfs,holdout,22.470500946,30.640186238
1178,fixed_random_bfs,train,4.441500187,2.070618135
1179,history_hotspot_bfs,train,135.139495850,133.267715855
1180,fixed_random_bfs,train,22.650499344,23.257123667
1181,fixed_random_bfs,holdout,1.473999977,-14.549522237
1182,fixed_random_bfs,holdout,25.066499710,3.061340818
1183,history_hotspot_bfs,train,45.118999481,45.527539152
1184,fixed_random_bfs,train,4.540999889,6.099461711
1185,spatial_uniform_bfs,validation,10.189999580,7.328660165
1186,fixed_random_bfs,holdout,171.285507202,164.596993122
1187,fixed_random_bfs,holdout,82.705497742,49.802720226
1188,spatial_uniform_bfs,train,7.289500237,5.520145822
1189,fixed_random_bfs,holdout,11.767999649,20.448277863
1190,fixed_random_bfs,train,4.301499844,1.094371014
1191,fixed_random_bfs,holdout,78.965499878,101.782708256
1192,fixed_random_bfs,train,23.580999374,24.754986791
1193,spatial_uniform_bfs,train,7.960499763,5.005032354
1194,fixed_random_bfs,holdout,7.686999798,42.359735170
1195,fixed_random_bfs,train,31.000499725,40.154205277
1196,fixed_random_bfs,validation,35.710998535,18.224876115
1197,history_hotspot_bfs,train,152.619506836,150.632615779
1198,fixed_random_bfs,train,3.838000059,2.397411022
1199,history_hotspot_bfs,train,117.518997192,119.209213634
