region_id,split,current_label,future_label,future_minus_current,z0_score
0,validation,4.088500023,3.747000000,-0.341500023,0.033113766
1,train,21.603000641,18.228000000,-3.375000641,0.231431872
2,train,60.644001007,55.670000000,-4.974001007,0.325414956
3,train,14.397999763,14.656500000,0.258500237,0.125566840
4,train,0.000000000,0.221500000,0.221500000,0.000000000
5,validation,45.495998383,40.418000000,-5.077998383,0.381175041
6,holdout,42.771999359,42.725500000,-0.046499359,0.391757190
7,train,4.517499924,5.299000000,0.781500076,0.047523439
8,train,2.963500023,0.810000000,-2.153500023,0.014712410
9,train,54.757499695,48.149000000,-6.608499695,0.304126084
10,validation,3.373500109,2.945000000,-0.428500109,0.040050354
11,train,-4.431499958,-5.720500000,-1.289000042,0.099892415
12,train,5.394999981,3.421500000,-1.973499981,0.053010087
13,validation,0.075000003,0.505500000,0.430499997,0.003516963
14,train,0.497000009,0.173000000,-0.324000009,0.000000114
15,holdout,4.415999889,2.886500000,-1.529499889,0.033283375
16,train,1.532999992,0.334000000,-1.198999992,0.020687697
17,holdout,0.411000013,0.411000000,-0.000000013,0.000411150
18,train,0.902499974,0.583500000,-0.318999974,0.007729429
19,train,1.576500058,0.940000000,-0.636500058,0.012746022
20,train,1.111999989,0.943500000,-0.168499989,0.008284418
21,train,9.421999931,5.618000000,-3.803999931,0.058096554
22,train,3.924000025,2.806500000,-1.117500025,0.100708067
23,train,23.585500717,21.100500000,-2.485000717,0.135828659
24,validation,0.242500007,0.231500000,-0.011000007,0.005622364
25,train,11.338000298,12.433500000,1.095499702,0.082437553
26,holdout,1.328500032,0.354500000,-0.974000032,0.009327585
27,holdout,14.006999969,13.742000000,-0.264999969,0.129060715
28,train,1.653499961,0.603000000,-1.050499961,0.022948360
29,train,0.463000000,0.278500000,-0.184500000,0.000437163
30,holdout,3.184499979,1.551500000,-1.632999979,0.015771687
31,train,0.815500021,0.796500000,-0.019000021,0.012177178
32,train,1.157999992,0.263500000,-0.894499992,0.011356838
33,holdout,21.334999084,16.560000000,-4.774999084,0.206624106
34,train,1.615000010,1.487500000,-0.127500010,0.029156424
35,train,2.415999889,1.479000000,-0.936999889,0.033430822
36,validation,6.748499870,4.829500000,-1.918999870,0.059342563
37,validation,9.166500092,9.865000000,0.698499908,0.101213410
38,train,33.422000885,36.532000000,3.109999115,0.455690503
39,validation,5.899000168,4.224500000,-1.674500168,0.055536069
40,holdout,42.223499298,45.766500000,3.543000702,0.431185603
41,validation,0.030500000,0.200500000,0.170000000,0.000000000
42,holdout,0.299499989,0.212500000,-0.086999989,0.007733033
43,train,13.596500397,13.238500000,-0.358000397,0.122134924
44,train,0.123499997,0.657000000,0.533500003,0.004289135
45,train,0.235499993,0.226500000,-0.008999993,0.002811885
46,train,0.580999970,0.000000000,-0.580999970,0.001868093
47,validation,64.051498413,65.786500000,1.735001587,0.373877436
48,holdout,0.453500003,0.233000000,-0.220500003,0.006388663
49,train,16.496500015,14.133000000,-2.363500015,0.147023365
50,train,0.000000000,0.239000000,0.239000000,0.001580349
51,train,30.138999939,33.637000000,3.498000061,0.411771864
52,train,0.184000000,0.362000000,0.178000000,0.012947126
53,holdout,54.979000092,56.114500000,1.135499908,0.325612783
54,train,0.300999999,0.000000000,-0.300999999,0.002613529
55,holdout,13.928500175,13.588500000,-0.340000175,0.159449846
56,train,0.380499989,0.000000000,-0.380499989,0.000296709
57,train,1.259500027,0.006500000,-1.253000027,0.023390237
58,train,0.000000000,0.202500000,0.202500000,0.000023399
59,validation,50.636501312,51.831500000,1.194998688,0.470874161
60,train,5.792500019,5.418000000,-0.374500019,0.046050508
61,train,0.000000000,0.235000000,0.235000000,0.000000000
62,holdout,13.038499832,11.133000000,-1.905499832,0.083643563
63,holdout,56.572498322,64.892500000,8.320001678,0.480010569
64,train,31.314500809,29.786500000,-1.528000809,0.221589714
65,train,0.982500017,0.313000000,-0.669500017,0.000395883
66,train,5.661499977,5.642000000,-0.019499977,0.046179608
67,train,12.531000137,9.202000000,-3.329000137,0.150086418
68,train,54.714000702,52.159000000,-2.555000702,0.350403756
69,train,40.156501770,42.396500000,2.239998230,0.256657720
70,validation,4.840000153,5.351000000,0.510999847,0.040830061
71,holdout,3.434999943,2.944000000,-0.490999943,0.059355583
72,train,9.470000267,8.478500000,-0.991500267,0.063407406
73,train,2.197000027,1.211000000,-0.986000027,0.016201869
74,holdout,3.706000090,2.864000000,-0.842000090,0.105318926
75,validation,0.257499993,0.179500000,-0.077999993,0.002834213
76,train,2.252500057,2.109000000,-0.143500057,0.037056331
77,train,4.569499969,4.069500000,-0.499999969,0.051318686
78,train,0.754999995,0.002500000,-0.752499995,0.007725765
79,validation,0.000000000,0.229000000,0.229000000,0.000000460
80,train,4.907999992,3.029500000,-1.878499992,0.043671004
81,train,1.810999990,0.576000000,-1.234999990,0.013330415
82,train,1.481500030,-0.107000000,-1.588500030,0.011311245
83,holdout,15.100000381,13.383000000,-1.717000381,0.141207829
84,train,77.295997620,75.986500000,-1.309497620,0.443379343
85,train,0.837000012,-0.282500000,-1.119500012,0.020897724
86,validation,17.416999817,15.193000000,-2.223999817,0.227815449
87,train,10.772500038,10.767500000,-0.005000038,0.099086560
88,holdout,1.110000014,0.768500000,-0.341500014,0.017172087
89,train,0.460500002,0.228000000,-0.232500002,0.004974864
90,train,0.115500003,0.313500000,0.197999997,0.000000175
91,train,2.070499897,1.506500000,-0.563999897,0.036551930
92,train,1.846500039,1.166000000,-0.680500039,0.030388350
93,train,1.590999961,0.343000000,-1.247999961,0.009784892
94,train,-0.529500008,-1.513000000,-0.983499992,0.073927656
95,train,0.000000000,0.234000000,0.234000000,0.000000000
96,train,43.460498810,53.442000000,9.981501190,0.474745005
97,train,0.519999981,0.267500000,-0.252499981,0.000900220
98,train,0.260500014,0.229000000,-0.031500014,0.004495205
99,train,0.040500000,0.000000000,-0.040500000,0.000000000
100,train,42.782501221,41.664000000,-1.118501221,0.153019145
101,validation,0.231000006,0.228500000,-0.002500006,0.005048735
102,validation,1.790500045,1.596500000,-0.194000045,0.013563260
103,train,0.232500002,0.000000000,-0.232500002,0.002892502
104,train,0.725499988,0.523000000,-0.202499988,0.006612477
105,validation,31.611499786,31.480000000,-0.131499786,0.183484942
106,train,0.586499989,0.014500000,-0.571999989,0.001659253
107,train,0.958000004,0.289000000,-0.669000004,0.000000071
108,holdout,0.000000000,0.234500000,0.234500000,0.000000050
109,validation,19.479499817,20.080000000,0.600500183,0.114048846
110,train,4.624499798,2.205000000,-2.419499798,0.021682765
111,train,0.159999996,0.297000000,0.137000004,0.000016421
112,train,7.034999847,5.802000000,-1.232999847,0.052009486
113,train,16.306499481,15.404000000,-0.902499481,0.115898430
114,validation,35.944000244,34.197000000,-1.747000244,0.409425795
115,holdout,1.873499990,1.501000000,-0.372499990,0.016268242
116,train,47.997501373,50.033000000,2.035498627,0.254657120
117,holdout,15.607000351,13.370500000,-2.236500351,0.176854730
118,train,0.133000001,0.237500000,0.104499999,0.002692891
119,train,0.020500001,0.164500000,0.143999999,0.002854939
120,train,33.016998291,32.687500000,-0.329498291,0.276648730
121,validation,1.139500022,1.002000000,-0.137500022,0.003463126
122,train,0.479999989,0.043000000,-0.436999989,0.001364899
123,validation,0.927500010,1.057000000,0.129499990,0.010571002
124,train,23.380500793,24.263000000,0.882499207,0.208075374
125,train,0.001000000,0.295000000,0.294000000,0.000040431
126,holdout,0.752499998,0.689000000,-0.063499998,0.005717967
127,validation,0.029999999,0.013500000,-0.016499999,0.000000000
128,train,21.906999588,20.681500000,-1.225499588,0.283991069
129,train,6.735000134,4.499000000,-2.236000134,0.066106342
130,holdout,0.236499995,0.230000000,-0.006499995,0.004748378
131,holdout,44.068000793,36.636500000,-7.431500793,0.398260146
132,train,4.961500168,3.697000000,-1.264500168,0.043674633
133,train,0.000000000,0.233000000,0.233000000,0.000000000
134,train,0.370999992,0.124500000,-0.246499992,0.000799426
135,train,33.689998627,38.554000000,4.864001373,0.292304784
136,train,-0.866500020,0.408500000,1.275000020,0.009371010
137,holdout,5.022500038,2.857000000,-2.165500038,0.022164250
138,holdout,0.772499979,0.536000000,-0.236499979,0.001216746
139,validation,10.406499863,6.952500000,-3.453999863,0.088430807
140,train,0.230499998,0.000000000,-0.230499998,0.003240741
141,train,24.642999649,24.121000000,-0.521999649,0.203301966
142,train,0.081000000,0.235000000,0.154000000,0.003686953
143,holdout,21.141500473,20.315000000,-0.826500473,0.226080075
144,validation,0.953000009,0.164000000,-0.789000009,0.011929546
145,train,26.759500504,27.162000000,0.402499496,0.197471112
146,train,1.447999954,1.363500000,-0.084499954,0.015504458
147,train,16.927000046,15.985000000,-0.942000046,0.101974867
148,train,4.987500191,3.761000000,-1.226500191,0.066186063
149,train,52.110000610,56.840000000,4.729999390,0.311011314
150,train,3.184999943,1.035000000,-2.149999943,0.016515186
151,holdout,1.649000049,1.617500000,-0.031500049,0.024118744
152,train,24.377500534,27.086000000,2.708499466,0.139047906
153,train,40.691501617,46.319500000,5.627998383,0.481425345
154,train,48.665500641,49.450500000,0.784999359,0.296914876
155,train,46.081001282,47.928000000,1.846998718,0.248375505
156,train,1.605499983,0.579000000,-1.026499983,0.059784282
157,validation,69.884002686,64.306500000,-5.577502686,0.424570203
158,train,1.678500056,0.936000000,-0.742500056,0.054448698
159,train,0.223499998,0.209500000,-0.013999998,0.002399929
160,train,0.003500000,0.234500000,0.231000000,0.004516199
161,train,1.867499948,1.932500000,0.065000052,0.026232073
162,validation,0.003000000,0.016500000,0.013500000,0.000000000
163,train,0.041000001,0.235500000,0.194499999,0.002537703
164,train,2.785500050,2.023500000,-0.762000050,0.017168270
165,train,0.000000000,0.238500000,0.238500000,0.000000152
166,train,4.672500134,3.831000000,-0.841500134,0.046972245
167,validation,1.006000042,0.522500000,-0.483500042,0.006551733
168,validation,0.759999990,0.380500000,-0.379499990,0.000563162
169,train,0.221499994,0.221500000,0.000000006,0.001068153
170,train,2.470499992,1.011000000,-1.459499992,0.031006677
171,train,0.736500025,-0.491500000,-1.228000025,0.011448290
172,validation,50.700000763,44.765500000,-5.934500763,0.276110351
173,train,0.000000000,0.231500000,0.231500000,0.000000000
174,holdout,4.584499836,2.433500000,-2.150999836,0.021223396
175,train,-2.092499971,-2.628500000,-0.536000029,0.093757637
176,train,47.841499329,54.195500000,6.354000671,0.427268744
177,train,1.370499969,0.513000000,-0.857499969,0.014110191
178,validation,2.086999893,0.683500000,-1.403499893,0.010039954
179,validation,0.262499988,0.568000000,0.305500012,0.002731892
180,validation,3.986000061,2.800500000,-1.185500061,0.012598339
181,train,0.225999996,0.232500000,0.006500004,0.003296915
182,train,16.710500717,16.742500000,0.031999283,0.145172462
183,train,0.286500007,1.400000000,1.113499993,0.011859043
184,train,0.693499982,0.195000000,-0.498499982,0.062672913
185,validation,8.400500298,5.850000000,-2.550500298,0.102315649
186,train,0.527499974,0.000000000,-0.527499974,0.005674525
187,train,30.944999695,24.654500000,-6.290499695,0.197018206
188,holdout,57.117000580,51.200500000,-5.916500580,0.350544006
189,train,22.506500244,21.640000000,-0.866500244,0.163564622
190,train,9.524499893,7.920500000,-1.603999893,0.062256008
191,validation,0.000000000,0.021500000,0.021500000,0.000000000
192,train,3.172499895,2.085000000,-1.087499895,0.035830762
193,train,0.000000000,0.240000000,0.240000000,0.002572097
194,train,0.000000000,0.235000000,0.235000000,0.000000000
195,train,0.585500002,0.504500000,-0.081000002,0.006532372
196,train,0.000000000,0.236500000,0.236500000,0.001047113
197,train,60.474498749,62.218500000,1.744001251,0.446374893
198,train,0.506500006,0.237500000,-0.269000006,0.005158066
199,train,1.739500046,2.093000000,0.353499954,0.015450813
200,validation,0.242500007,0.013000000,-0.229500007,0.002895346
201,train,27.662500381,28.251000000,0.588499619,0.187868595
202,train,62.507499695,69.865000000,7.357500305,0.432395160
203,validation,4.333499908,4.090500000,-0.242999908,0.041881237
204,holdout,0.254999995,0.007500000,-0.247499995,0.000014867
205,train,18.572500229,17.313000000,-1.259500229,0.104608946
206,holdout,0.041499998,0.111500000,0.070000002,0.002536438
207,train,10.432999611,10.088000000,-0.344999611,0.061063420
208,train,61.607498169,67.805000000,6.197501831,0.491148889
209,train,0.126000002,0.000000000,-0.126000002,0.000000000
210,train,0.000000000,0.237500000,0.237500000,0.001057419
211,holdout,51.972499847,46.031500000,-5.940999847,0.322475314
212,train,1.497499943,1.185500000,-0.311999943,0.010021097
213,train,-3.533999920,-4.615500000,-1.081500080,0.091729015
214,train,13.877499580,11.693500000,-2.183999580,0.118847519
215,validation,25.034500122,24.765500000,-0.269000122,0.506210029
216,validation,0.078000002,0.232000000,0.153999998,0.002539498
217,train,77.646499634,76.064500000,-1.581999634,0.517045677
218,holdout,30.416500092,33.199000000,2.782499908,0.233067676
219,validation,4.986999989,2.297000000,-2.689999989,0.048346125
220,train,0.000000000,0.240500000,0.240500000,0.002572123
221,train,0.363499999,0.000000000,-0.363499999,0.002691744
222,train,0.517499983,-0.125500000,-0.642999983,0.008572354
223,holdout,33.239498138,28.757000000,-4.482498138,0.169151515
224,holdout,20.565999985,20.970000000,0.404000015,0.205266371
225,train,35.034000397,41.754500000,6.720499603,0.429091960
226,train,2.058500051,1.565500000,-0.493000051,0.026141308
227,holdout,0.680999994,0.627500000,-0.053499994,0.005625055
228,train,1.621000051,0.601500000,-1.019500051,0.053603411
229,train,0.455500007,0.475500000,0.019999993,0.015994983
230,holdout,0.000000000,0.234000000,0.234000000,0.001216569
231,train,22.527500153,20.735000000,-1.792500153,0.187138811
232,holdout,0.000000000,0.237000000,0.237000000,0.001218263
233,train,7.813499928,5.366500000,-2.446999928,0.052686933
234,holdout,30.849500656,32.511500000,1.661999344,0.145355344
235,train,0.032000002,0.090500000,0.058499998,0.002174765
236,train,21.082500458,20.363500000,-0.719000458,0.144067660
237,validation,0.000000000,0.100000000,0.100000000,0.000000000
238,train,13.255000114,11.524500000,-1.730500114,0.117994584
239,validation,10.029999733,8.313000000,-1.716999733,0.112439111
240,holdout,3.536499977,2.791000000,-0.745499977,0.092307508
241,train,0.377499998,0.618000000,0.240500002,0.013195490
242,train,1.006500006,0.760000000,-0.246500006,0.015231188
243,validation,19.124000549,19.892000000,0.767999451,0.183219224
244,train,0.627499998,0.334000000,-0.293499998,0.001157755
245,validation,0.087499999,0.805500000,0.718000001,0.007485596
246,train,1.179000020,0.442500000,-0.736500020,0.015170992
247,train,61.433998108,59.137500000,-2.296498108,0.504342616
248,train,9.602000237,4.545500000,-5.056500237,0.113700718
249,holdout,0.808000028,0.243500000,-0.564500028,0.015848994
250,train,56.652999878,57.327500000,0.674500122,0.438495457
251,train,23.862499237,20.248500000,-3.613999237,0.164811805
252,validation,0.000000000,0.227000000,0.227000000,0.000000099
253,train,0.270500004,0.226500000,-0.044000004,0.003260748
254,train,44.992000580,43.649500000,-1.342500580,0.494514942
255,holdout,15.835000038,13.280000000,-2.555000038,0.179130554
256,train,1.148000002,1.333000000,0.184999998,0.012955477
257,train,6.171999931,4.126000000,-2.045999931,0.043844402
258,train,28.311000824,30.897000000,2.585999176,0.190580934
259,train,7.912000179,6.428500000,-1.483500179,0.054664593
260,train,1.545500040,1.073500000,-0.472000040,0.014048455
261,holdout,10.816499710,12.430000000,1.613500290,0.110647552
262,train,15.993000031,16.041000000,0.047999969,0.232239246
263,train,0.230000004,0.230000000,-0.000000004,0.000900152
264,train,3.007499933,1.658000000,-1.349499933,0.038402565
265,train,16.298000336,18.046500000,1.748499664,0.227205336
266,train,0.782999992,0.473000000,-0.309999992,0.014856008
267,train,0.617999971,0.289000000,-0.328999971,0.009988206
268,train,0.300500005,0.310000000,0.009499995,0.005721693
269,train,12.035499573,10.839500000,-1.195999573,0.115129054
270,train,0.000000000,0.229500000,0.229500000,0.000000000
271,train,1.184499979,0.215500000,-0.968999979,0.007707058
272,train,7.800499916,7.523000000,-0.277499916,0.075596444
273,holdout,3.069499969,1.524500000,-1.544999969,0.049754322
274,train,0.017500000,0.019500000,0.002000000,0.003561560
275,train,0.000000000,0.030500000,0.030500000,0.000000000
276,validation,0.177499995,0.409000000,0.231500005,0.003035928
277,train,14.895999908,14.124500000,-0.771499908,0.115253329
278,holdout,0.221000001,0.235500000,0.014499999,0.006178980
279,train,1.851500034,1.136000000,-0.715500034,0.027777953
280,train,0.304500014,0.220500000,-0.084000014,0.000000000
281,validation,1.593999982,0.896000000,-0.697999982,0.007675091
282,validation,1.723999977,0.700500000,-1.023499977,0.007539252
283,holdout,9.647500038,8.811500000,-0.836000038,0.104785219
284,holdout,0.830999970,0.236000000,-0.594999970,0.006292894
285,validation,24.964500427,25.281500000,0.316999573,0.129781276
286,train,0.257999986,0.000000000,-0.257999986,0.002759105
287,holdout,3.063499928,2.350000000,-0.713499928,0.053287864
288,train,12.107500076,11.905000000,-0.202500076,0.104529306
289,validation,0.247999996,0.000500000,-0.247499996,0.002556722
290,train,0.211500004,0.000000000,-0.211500004,0.000000000
291,validation,2.503499985,2.078000000,-0.425499985,0.016344167
292,train,1.151999950,0.149500000,-1.002499950,0.008564869
293,train,43.772998810,51.459500000,7.686501190,0.411914140
294,train,20.317499161,16.164000000,-4.153499161,0.148835734
295,train,0.187500000,0.216000000,0.028500000,0.003404646
296,validation,0.000000000,0.019500000,0.019500000,0.000000000
297,holdout,67.885498047,69.734000000,1.848501953,0.420871794
298,train,0.232500002,0.374000000,0.141499998,0.014555252
299,train,6.431499958,4.138500000,-2.292999958,0.024678862
300,train,7.758999825,6.824000000,-0.934999825,0.084723003
301,holdout,0.000000000,0.232500000,0.232500000,0.001216579
302,validation,0.382499993,0.239000000,-0.143499993,0.003778024
303,train,0.020000000,0.000000000,-0.020000000,0.000000000
304,validation,1.766999960,1.551500000,-0.215499960,0.013478516
305,train,84.047996521,80.255500000,-3.792496521,0.530672133
306,train,0.430500001,0.034000000,-0.396500001,0.001364899
307,train,15.435999870,13.179500000,-2.256499870,0.170652226
308,train,0.159999996,0.231000000,0.071000004,0.002908910
309,train,0.234999999,0.228500000,-0.006499999,0.004159013
310,train,0.000000000,0.236000000,0.236000000,0.002941391
311,train,27.804500580,31.065500000,3.260999420,0.291819274
312,train,0.000000000,0.237500000,0.237500000,0.001998212
313,train,0.233500004,0.226500000,-0.007000004,0.003435961
314,train,50.016998291,55.221000000,5.204001709,0.423738867
315,train,0.171000004,0.210500000,0.039499996,0.005712807
316,train,1.425999999,0.755000000,-0.670999999,0.006840939
317,train,1.279500008,0.171000000,-1.108500008,0.022591561
318,train,4.328000069,2.603000000,-1.725000069,0.026179669
319,train,6.751999855,4.930500000,-1.821499855,0.089573756
320,train,0.666000009,0.220500000,-0.445500009,0.009898399
321,holdout,16.613000870,14.283500000,-2.329500870,0.214465663
322,train,2.640500069,1.801500000,-0.839000069,0.025372840
323,holdout,76.571998596,79.301000000,2.729001404,0.495366573
324,train,54.745998383,50.356500000,-4.389498383,0.432278425
325,train,17.549999237,18.662500000,1.112500763,0.090172477
326,validation,24.761999130,20.875500000,-3.886499130,0.163596198
327,holdout,-0.229499996,0.013500000,0.242999996,0.005345901
328,train,1.769000053,0.996500000,-0.772500053,0.027915210
329,train,42.806499481,41.524000000,-1.282499481,0.250554472
330,train,3.828999996,2.692500000,-1.136499996,0.021665037
331,train,0.000000000,0.233000000,0.233000000,0.000003534
332,train,19.975999832,19.770000000,-0.205999832,0.230581924
333,train,24.593000412,26.476500000,1.883499588,0.176473647
334,train,32.283500671,43.036500000,10.752999329,0.413850158
335,train,1.843500018,2.014000000,0.170499982,0.026615568
336,train,1.895499945,1.364500000,-0.530999945,0.033849452
337,train,0.303000003,-0.621500000,-0.924500003,0.011208424
338,holdout,22.200000763,20.477000000,-1.723000763,0.110948272
339,train,0.674499989,1.669500000,0.995000011,0.013652484
340,holdout,12.038999557,11.290000000,-0.748999557,0.123201795
341,holdout,40.133998871,40.447500000,0.313501129,0.325537384
342,train,6.856500149,4.555500000,-2.301000149,0.073201977
343,holdout,0.461499989,0.234500000,-0.226999989,0.005789311
344,train,70.456497192,77.661000000,7.204502808,0.359086186
345,validation,21.336500168,23.100500000,1.763999832,0.109110802
346,train,0.000000000,0.012000000,0.012000000,0.000000000
347,validation,1.669499993,0.633500000,-1.035999993,0.007405045
348,holdout,3.464999914,1.903500000,-1.561499914,0.009373490
349,train,0.897000015,0.781000000,-0.116000015,0.019888869
350,holdout,3.368499994,1.452000000,-1.916499994,0.017599622
351,validation,-3.387000084,-3.098000000,0.289000084,0.091077454
352,train,6.919000149,4.111500000,-2.807500149,0.052438494
353,train,4.263000011,3.856500000,-0.406500011,0.028550168
354,train,1.577999949,0.776000000,-0.801999949,0.020418679
355,train,43.605998993,38.352000000,-5.253998993,0.474032134
356,train,4.153500080,3.325500000,-0.828000080,0.031118300
357,train,0.371499985,0.001500000,-0.369999985,0.000049882
358,train,1.004500031,-0.360500000,-1.365000031,0.007462420
359,validation,40.826499939,48.213500000,7.387000061,0.447473764
360,train,0.938499987,0.103500000,-0.834999987,0.012636437
361,train,1.468500018,0.314500000,-1.154000018,0.000000000
362,validation,0.435499996,0.000000000,-0.435499996,0.000000000
363,train,21.471500397,18.102000000,-3.369500397,0.151967183
364,train,29.430999756,36.193000000,6.762000244,0.434179187
365,train,0.741999984,0.442000000,-0.299999984,0.002686210
366,train,6.714000225,6.247000000,-0.467000225,0.049308173
367,train,16.982500076,15.757000000,-1.225500076,0.139146984
368,train,0.172499999,0.079000000,-0.093499999,0.002437864
369,train,8.069000244,6.331500000,-1.737500244,0.053629398
370,train,5.221499920,4.420500000,-0.800999920,0.022939907
371,train,0.088000000,1.006000000,0.918000000,0.013992619
372,train,0.421000004,0.258500000,-0.162500004,0.000002307
373,train,3.153000116,2.502000000,-0.651000116,0.058142066
374,train,5.393499851,3.757000000,-1.636499851,0.086759627
375,train,0.382499993,0.000000000,-0.382499993,0.002375965
376,validation,2.154500008,0.450500000,-1.704000008,0.077185392
377,train,5.697999954,5.955000000,0.257000046,0.022691652
378,train,8.416999817,8.279500000,-0.137499817,0.099338375
379,train,0.293000013,0.262000000,-0.031000013,0.000000000
380,train,11.470000267,12.338000000,0.867999733,0.036729403
381,train,0.922999978,-0.118000000,-1.040999978,0.000965948
382,train,0.000000000,0.232500000,0.232500000,0.000000000
383,holdout,0.000000000,0.243500000,0.243500000,0.000000000
384,holdout,0.981500030,0.244500000,-0.737000030,0.003434566
385,holdout,35.158500671,43.094000000,7.935499329,0.416098058
386,holdout,2.693500042,-0.052000000,-2.745500042,0.018459300
387,train,7.278500080,4.658500000,-2.620000080,0.062007997
388,holdout,17.224500656,14.932000000,-2.292500656,0.107464552
389,train,5.087500095,3.947500000,-1.140000095,0.057063013
390,train,0.427500010,0.000000000,-0.427500010,0.000204278
391,validation,3.955499887,2.748000000,-1.207499887,0.015308315
392,train,21.862499237,23.088000000,1.225500763,0.191303521
393,train,0.081500001,0.294000000,0.212499999,0.006165859
394,train,1.727499962,0.524500000,-1.202999962,0.012394520
395,train,68.957000732,70.081000000,1.123999268,0.445722163
396,holdout,61.785999298,68.129500000,6.343500702,0.395918041
397,train,2.292500019,2.158500000,-0.134000019,0.012908349
398,train,0.082999997,1.133500000,1.050500003,0.012003028
399,validation,28.964500427,28.958000000,-0.006500427,0.175577417
400,validation,0.368000001,0.180500000,-0.187500001,0.000539177
401,train,14.855500221,14.018000000,-0.837500221,0.119632214
402,holdout,-0.150000006,0.132000000,0.282000006,0.003294487
403,train,8.390000343,8.935000000,0.544999657,0.043410331
404,train,7.528500080,6.402000000,-1.126500080,0.064216606
405,train,60.758499146,66.939000000,6.180500854,0.440949202
406,train,0.612999976,0.263000000,-0.349999976,0.003528581
407,train,49.767501831,41.749500000,-8.018001831,0.423534453
408,validation,0.000000000,0.234000000,0.234000000,0.000000000
409,train,0.715499997,0.220500000,-0.494999997,0.000000000
410,train,1.236500025,-0.160500000,-1.397000025,0.008417249
411,holdout,0.935500026,0.237500000,-0.698000026,0.007061304
412,holdout,3.549499989,3.386500000,-0.162999989,0.033903994
413,train,0.344000012,0.514000000,0.169999988,0.005682958
414,train,0.546999991,0.428000000,-0.118999991,0.014103685
415,train,4.758999825,5.422500000,0.663500175,0.042765472
416,train,2.454999924,1.379500000,-1.075499924,0.031001633
417,train,0.097000003,0.238500000,0.141499997,0.002694817
418,train,56.243000031,63.688000000,7.444999969,0.391990662
419,holdout,38.798000336,35.403000000,-3.395000336,0.369842023
420,train,0.472999990,0.087000000,-0.385999990,0.000000008
421,train,0.000000000,0.243500000,0.243500000,0.000000646
422,train,1.244500041,0.736500000,-0.508000041,0.008019099
423,validation,72.930000305,73.946000000,1.015999695,0.431488812
424,validation,0.744000018,0.259500000,-0.484500018,0.001335395
425,train,6.783500195,5.265500000,-1.518000195,0.056551065
426,train,0.666999996,0.014500000,-0.652499996,0.001554033
427,train,10.996000290,9.520000000,-1.476000290,0.089663647
428,train,0.911000013,0.282500000,-0.628500013,0.003649241
429,validation,0.472499996,0.069500000,-0.402999996,0.005811760
430,train,27.049999237,26.982000000,-0.067999237,0.216637611
431,train,5.234499931,2.905500000,-2.328999931,0.014297781
432,train,0.086999997,0.249000000,0.162000003,0.004583072
433,holdout,9.121999741,9.494000000,0.372000259,0.061994713
434,train,0.000000000,0.241500000,0.241500000,0.002561076
435,train,0.721000016,0.097500000,-0.623500016,0.009894279
436,validation,73.080497742,77.531000000,4.450502258,0.398505598
437,train,1.143000007,0.866500000,-0.276500007,0.007850561
438,train,4.158500195,2.962500000,-1.196000195,0.056088615
439,train,0.000000000,0.062500000,0.062500000,0.000000000
440,holdout,0.381500006,0.070000000,-0.311500006,0.001332798
441,train,0.415499985,0.240500000,-0.174999985,0.008891737
442,train,0.000000000,0.073000000,0.073000000,0.000000000
443,validation,31.335500717,33.732000000,2.396499283,0.248176321
444,train,12.112500191,12.310000000,0.197499809,0.077548184
445,train,0.887000024,0.614500000,-0.272500024,0.014921028
446,train,9.270999908,5.747000000,-3.523999908,0.097246684
447,train,0.028000001,0.212500000,0.184499999,0.002705764
448,train,4.119999886,3.398500000,-0.721499886,0.021813767
449,train,0.000000000,0.223500000,0.223500000,0.000000343
450,train,57.971500397,59.969000000,1.997499603,0.293157637
451,train,0.025500000,0.227000000,0.201500000,0.004637050
452,train,17.125999451,16.666500000,-0.459499451,0.095469490
453,train,3.269000053,2.630500000,-0.638500053,0.060688190
454,train,1.603999972,0.935500000,-0.668499972,0.012520505
455,holdout,74.102500916,76.018000000,1.915499084,0.512495637
456,train,0.323000014,0.567000000,0.243999986,0.014981511
457,train,8.962499619,6.855500000,-2.106999619,0.079486407
458,holdout,17.807500839,14.934500000,-2.873000839,0.112651043
459,train,10.083499908,10.062000000,-0.021499908,0.090702072
460,train,0.694999993,0.582000000,-0.112999993,0.005924582
461,train,1.478999972,0.833000000,-0.645999972,0.010540726
462,train,50.559501648,52.488500000,1.928998352,0.231664225
463,train,1.226500034,0.663500000,-0.563000034,0.010193503
464,train,0.008000000,0.231500000,0.223500000,0.001108676
465,train,2.394500017,1.719500000,-0.675000017,0.014498728
466,validation,1.983000040,0.669500000,-1.313500040,0.008594280
467,train,0.298000008,0.000000000,-0.298000008,0.002373034
468,validation,5.806000233,4.857500000,-0.948500233,0.062226873
469,train,0.358000010,0.308000000,-0.050000010,0.010558385
470,train,2.211499929,0.417000000,-1.794499929,0.015062282
471,train,0.225999996,0.229000000,0.003000004,0.001759830
472,train,25.073499680,26.797500000,1.724000320,0.213382870
473,train,64.580001831,75.450500000,10.870498169,0.447742730
474,train,77.630996704,73.839500000,-3.791496704,0.540103555
475,train,1.416000009,0.457000000,-0.959000009,0.001313821
476,train,21.351499557,23.795500000,2.444000443,0.337550521
477,train,1.338000059,1.108500000,-0.229500059,0.012079339
478,train,0.242500007,0.000000000,-0.242500007,0.000224732
479,train,17.878499985,14.608500000,-3.269999985,0.137762606
480,train,0.194499999,0.000000000,-0.194499999,0.000000000
481,validation,0.532500029,0.121500000,-0.411000029,0.000000000
482,train,10.477499962,11.305000000,0.827500038,0.136425927
483,train,8.387999535,10.967000000,2.579000465,0.088995405
484,validation,14.140500069,14.192000000,0.051499931,0.155968040
485,train,79.921997070,84.030000000,4.108002930,0.366739213
486,train,0.001500000,0.118500000,0.117000000,0.001892890
487,train,0.907999992,0.030000000,-0.877999992,0.010818198
488,train,2.775500059,1.686500000,-1.089000059,0.027074207
489,validation,0.861000001,0.640500000,-0.220500001,0.002230174
490,train,0.109999999,0.232000000,0.122000001,0.002530059
491,train,0.584999979,0.000000000,-0.584999979,0.004443493
492,train,60.780498505,63.149500000,2.369001495,0.467325807
493,train,0.000000000,0.228000000,0.228000000,0.000000000
494,train,2.000499964,2.061000000,0.060500036,0.025382906
495,train,0.462500006,0.007500000,-0.455000006,0.001609104
496,train,6.318999767,4.578500000,-1.740499767,0.050358221
497,train,7.306499958,3.857500000,-3.448999958,0.057176728
498,validation,0.270500004,0.000000000,-0.270500004,0.003283441
499,holdout,0.941999972,0.606000000,-0.335999972,0.007035503
500,train,1.100000024,0.817500000,-0.282500024,0.007624128
501,train,0.222499996,0.127000000,-0.095499996,0.002416477
502,train,6.397500038,4.355500000,-2.042000038,0.076788113
503,holdout,0.000000000,0.237000000,0.237000000,0.000001117
504,train,25.201499939,31.204000000,6.002500061,0.438231468
505,train,14.828000069,14.083500000,-0.744500069,0.123021811
506,validation,14.397999763,12.303500000,-2.094499763,0.116747364
507,train,0.439000010,0.026500000,-0.412500010,0.000000000
508,train,1.184499979,1.229000000,0.044500021,0.008748549
509,train,1.559000015,1.010000000,-0.549000015,0.025650902
510,train,18.035499573,15.926500000,-2.108999573,0.218672454
511,train,51.063999176,45.216500000,-5.847499176,0.425819308
512,train,7.969500065,6.213000000,-1.756500065,0.060275473
513,train,9.132499695,8.841000000,-0.291499695,0.106376335
514,train,2.676000118,2.307000000,-0.369000118,0.011229045
515,validation,4.730999947,3.379000000,-1.351999947,0.045188319
516,train,1.021999955,0.122000000,-0.899999955,0.011318263
517,train,1.323500037,1.237500000,-0.086000037,0.010017477
518,holdout,0.704500020,0.442500000,-0.262000020,0.000972631
519,validation,17.701499939,18.172500000,0.471000061,0.215728462
520,train,83.438499451,84.154000000,0.715500549,0.475850284
521,train,0.391499996,0.000000000,-0.391499996,0.002648917
522,train,0.252499998,0.227500000,-0.024999998,0.003130485
523,train,5.918499947,4.527000000,-1.391499947,0.051074091
524,train,0.160500005,0.222000000,0.061499995,0.003888138
525,holdout,0.000000000,0.236000000,0.236000000,0.001216509
526,train,0.842000008,0.891000000,0.048999992,0.013468018
527,train,6.977499962,5.818500000,-1.158999962,0.075088233
528,train,21.584999084,21.329000000,-0.255999084,0.154043570
529,train,0.000500000,0.230000000,0.229500000,0.003316925
530,train,37.822498322,42.833000000,5.010501678,0.278797001
531,train,0.237000003,0.230500000,-0.006500003,0.003666636
532,train,0.236499995,0.000000000,-0.236499995,0.002500874
533,holdout,54.215999603,54.938500000,0.722500397,0.418699265
534,train,16.722000122,17.629000000,0.906999878,0.125463039
535,validation,0.463499993,0.030000000,-0.433499993,0.000000000
536,validation,51.898498535,51.533000000,-0.365498535,0.357617825
537,holdout,14.578499794,14.382500000,-0.195999794,0.102743722
538,holdout,5.193500042,2.781500000,-2.412000042,0.072271645
539,train,22.619499207,23.200000000,0.580500793,0.234858200
540,validation,0.000000000,0.239500000,0.239500000,0.001216549
541,train,0.912500024,-0.158000000,-1.070500024,0.000923623
542,train,5.344999790,3.907000000,-1.437999790,0.044555236
543,validation,0.328500003,0.245500000,-0.083000003,0.004107331
544,train,0.614000022,0.259000000,-0.355000022,0.010495762
545,holdout,8.091500282,7.442000000,-0.649500282,0.096678510
546,validation,17.692499161,15.291500000,-2.400999161,0.182577223
547,train,4.630499840,4.070500000,-0.559999840,0.047601972
548,train,5.903500080,2.601500000,-3.302000080,0.016071603
549,validation,12.416500092,14.461500000,2.044999908,0.091035172
550,holdout,0.828499973,0.189000000,-0.639499973,0.007500577
551,train,39.373001099,34.651500000,-4.721501099,0.294529617
552,validation,0.038500000,0.000000000,-0.038500000,0.000000000
553,train,0.865999997,0.094500000,-0.771499997,0.006349841
554,train,3.833499908,2.443000000,-1.390499908,0.046031971
555,train,76.620498657,80.608000000,3.987501343,0.466615915
556,holdout,0.329499990,0.020000000,-0.309499990,0.001289039
557,holdout,2.009500027,1.763500000,-0.246000027,0.047088370
558,holdout,-0.956499994,-1.057500000,-0.101000006,0.048296332
559,train,1.187000036,0.176500000,-1.010500036,0.011727439
560,train,0.344999999,0.212000000,-0.132999999,0.003356426
561,train,1.592499971,0.574000000,-1.018499971,0.001296755
562,holdout,1.397500038,0.432000000,-0.965500038,0.006641979
563,train,3.148000002,1.967000000,-1.181000002,0.032352507
564,train,3.816499949,3.506500000,-0.309999949,0.046217058
565,train,0.838500023,0.279000000,-0.559500023,0.000004736
566,train,39.943000793,39.207000000,-0.736000793,0.195423961
567,train,13.360500336,14.879500000,1.518999664,0.142914400
568,train,2.845999956,1.653000000,-1.192999956,0.032772709
569,train,1.457499981,0.733500000,-0.723999981,0.015731931
570,train,0.623000026,0.267000000,-0.356000026,0.008000270
571,train,63.847499847,60.761500000,-3.085999847,0.486264557
572,train,3.884999990,3.566000000,-0.318999990,0.020986533
573,train,5.887000084,6.138000000,0.250999916,0.031388860
574,train,4.759500027,2.968000000,-1.791500027,0.052928485
575,train,0.055000000,0.232000000,0.177000000,0.005124708
576,train,64.352996826,72.141000000,7.788003174,0.386830688
577,train,0.048000000,0.153000000,0.105000000,0.002346006
578,train,4.716499805,4.001000000,-0.715499805,0.075076215
579,train,5.642000198,5.794500000,0.152499802,0.047996309
580,train,-0.109999999,0.130000000,0.239999999,0.003779807
581,holdout,24.881500244,26.149000000,1.267499756,0.209692657
582,holdout,14.133500099,10.466500000,-3.667000099,0.083139367
583,train,1.384999990,0.883500000,-0.501499990,0.020853534
584,train,0.094499998,0.260000000,0.165500002,0.014217723
585,train,10.656000137,11.018500000,0.362499863,0.080729619
586,train,5.320499897,3.595000000,-1.725499897,0.044403918
587,train,22.706499100,20.829500000,-1.876999100,0.170744061
588,train,-3.507499933,-4.813000000,-1.305500067,0.091356359
589,train,16.056499481,13.207500000,-2.848999481,0.119058304
590,validation,2.598500013,2.502000000,-0.096500013,0.049910638
591,validation,1.935999990,1.467500000,-0.468499990,0.018186048
592,validation,1.182999969,0.106500000,-1.076499969,0.004603175
593,train,1.568500042,1.148500000,-0.420000042,0.014712499
594,train,0.015000000,0.242500000,0.227500000,0.005639573
595,train,1.399000049,0.228500000,-1.170500049,0.011284851
596,train,1.518000007,0.626500000,-0.891500007,0.008646517
597,validation,3.215500116,1.562500000,-1.653000116,0.000384347
598,holdout,1.189000010,0.292000000,-0.897000010,0.008637278
599,train,42.405998230,42.079500000,-0.326498230,0.303822637
600,validation,1.726500034,0.696500000,-1.030000034,0.007935635
601,train,0.000000000,0.000500000,0.000500000,0.000000000
602,train,2.643500090,2.012500000,-0.631000090,0.030469617
603,train,-0.324499995,0.138000000,0.462499995,0.004568140
604,train,17.204500198,19.150000000,1.945499802,0.136348039
605,holdout,0.428999990,0.411500000,-0.017499990,0.000901469
606,train,0.717000008,0.527000000,-0.190000008,0.008030972
607,train,34.298000336,43.737500000,9.439499664,0.484205633
608,train,30.651500702,30.571500000,-0.080000702,0.213082194
609,train,1.708999991,0.724500000,-0.984499991,0.008644016
610,holdout,0.799499989,0.149500000,-0.649999989,0.000000000
611,holdout,3.574500084,3.327500000,-0.247000084,0.100248456
612,train,0.230000004,0.713500000,0.483499996,0.004396388
613,validation,0.308999985,0.000000000,-0.308999985,0.002834484
614,train,0.039500002,0.230500000,0.190999998,0.004910163
615,train,3.674499989,3.371500000,-0.302999989,0.071780257
616,train,74.263496399,75.898000000,1.634503601,0.490453601
617,train,3.107000113,1.695000000,-1.412000113,0.058415025
618,validation,42.880001068,50.407500000,7.527498932,0.448591560
619,holdout,0.000000000,0.248500000,0.248500000,0.001777803
620,train,7.002999783,4.661000000,-2.341999783,0.043296926
621,train,16.177999496,14.088000000,-2.089999496,0.228995651
622,train,0.035500001,0.030500000,-0.005000001,0.003587600
623,holdout,20.936000824,22.117500000,1.181499176,0.128581598
624,train,0.000000000,0.227500000,0.227500000,0.000114640
625,holdout,6.144499779,6.850500000,0.706000221,0.058447927
626,train,4.687500000,4.873000000,0.185500000,0.026213044
627,validation,0.930000007,0.748500000,-0.181500007,0.002089306
628,train,0.964500010,0.601000000,-0.363500010,0.010343788
629,train,15.118499756,14.445500000,-0.672999756,0.132149190
630,holdout,3.490999937,3.134500000,-0.356499937,0.023197198
631,train,0.109499998,0.233000000,0.123500002,0.001567368
632,train,20.549999237,20.835500000,0.285500763,0.227698281
633,train,0.798500001,0.053000000,-0.745500001,0.010185357
634,train,7.391499996,5.763000000,-1.628499996,0.055791311
635,train,0.135499999,0.000000000,-0.135499999,0.000000000
636,validation,1.934999943,0.063500000,-1.871499943,0.071872145
637,train,0.323500007,0.000000000,-0.323500007,0.002349602
638,validation,71.993499756,69.612500000,-2.380999756,0.471706718
639,train,45.945499420,57.361500000,11.416000580,0.437349588
640,train,16.768999100,16.515000000,-0.253999100,0.148176044
641,validation,0.043499999,0.000000000,-0.043499999,0.000000000
642,train,42.669498444,51.545000000,8.875501556,0.488436818
643,train,1.907500029,0.471000000,-1.436500029,0.013394165
644,validation,0.550000012,0.047500000,-0.502500012,0.000104699
645,train,10.506500244,6.588500000,-3.918000244,0.108780287
646,train,11.200499535,10.518000000,-0.682499535,0.074068546
647,train,0.793500006,0.476500000,-0.317000006,0.003115020
648,holdout,62.242500305,68.401500000,6.158999695,0.462267667
649,train,73.845001221,72.797500000,-1.047501221,0.473691463
650,train,69.258003235,73.414500000,4.156496765,0.350466192
651,train,61.606498718,58.563000000,-3.043498718,0.450916439
652,train,-0.717000008,0.331500000,1.048500008,0.011346230
653,validation,1.036000013,-0.042500000,-1.078500013,0.003238932
654,train,6.082499981,4.148000000,-1.934499981,0.047653284
655,train,-1.519500017,-3.505500000,-1.985999983,0.076396562
656,train,0.397000015,1.410000000,1.012999985,0.012577272
657,train,0.861000001,0.431000000,-0.430000001,0.003552056
658,train,31.062000275,30.020000000,-1.042000275,0.137167856
659,train,2.259500027,0.805000000,-1.454500027,0.031219458
660,holdout,1.202499986,0.854000000,-0.348499986,0.022454090
661,validation,11.000499725,7.172500000,-3.827999725,0.060988951
662,validation,0.090999998,0.479500000,0.388500002,0.007211843
663,train,16.298500061,15.971000000,-0.327500061,0.205338642
664,holdout,5.676499844,5.105000000,-0.571499844,0.047483653
665,train,0.331999987,0.000000000,-0.331999987,0.002416843
666,validation,13.258000374,12.088500000,-1.169500374,0.084886245
667,holdout,20.707500458,22.346000000,1.638499542,0.142400309
668,holdout,15.543000221,15.827500000,0.284499779,0.122462995
669,train,8.803999901,5.404500000,-3.399499901,0.110859230
670,train,8.126999855,6.593000000,-1.533999855,0.104384609
671,train,72.279998779,73.763000000,1.483001221,0.496090770
672,holdout,1.345999956,0.563500000,-0.782499956,0.013084507
673,train,18.975000381,15.782500000,-3.192500381,0.323596150
674,train,2.263000011,1.715000000,-0.548000011,0.032728691
675,validation,0.509000003,0.084500000,-0.424500003,0.000000000
676,train,0.000000000,0.235000000,0.235000000,0.000000000
677,validation,11.025500298,9.888500000,-1.137000298,0.070826486
678,train,6.579999924,4.577000000,-2.002999924,0.045350436
679,holdout,24.211999893,20.632000000,-3.579999893,0.210151449
680,train,58.422000885,60.288500000,1.866499115,0.466967732
681,train,21.322999954,21.805000000,0.482000046,0.195929885
682,validation,23.864500046,23.401000000,-0.463500046,0.186070308
683,train,58.754501343,61.326000000,2.571498657,0.455359250
684,train,0.369500011,0.231500000,-0.138000011,0.006054525
685,train,32.928001404,31.643000000,-1.285001404,0.236595929
686,train,0.666999996,0.293500000,-0.373499996,0.004468665
687,train,1.452999949,0.468500000,-0.984499949,0.022938304
688,holdout,19.140499115,19.358000000,0.217500885,0.188079789
689,train,2.674000025,1.222000000,-1.452000025,0.057414606
690,train,11.617500305,7.879500000,-3.738000305,0.126694828
691,train,3.921000004,2.042000000,-1.879000004,0.033117343
692,train,2.942500114,4.036500000,1.093999886,0.043528184
693,train,0.739000022,0.307500000,-0.431500022,0.007976483
694,train,21.441999435,19.776500000,-1.665499435,0.242125854
695,train,3.026999950,1.972500000,-1.054499950,0.030815640
696,validation,1.372499943,0.843000000,-0.529499943,0.008519195
697,train,0.128000006,0.476000000,0.347999994,0.015423279
698,train,54.529998779,57.459000000,2.929001221,0.499343783
699,validation,0.000000000,0.234500000,0.234500000,0.000008235
700,train,1.695500016,1.080500000,-0.615000016,0.026233694
701,train,14.755000114,15.327000000,0.571999886,0.114285558
702,validation,0.011500000,0.202500000,0.191000000,0.000000000
703,validation,3.618499994,2.038000000,-1.580499994,0.014262489
704,holdout,4.662000179,2.509500000,-2.152500179,0.020564212
705,holdout,3.530999899,1.434000000,-2.096999899,0.021803744
706,train,2.592000008,0.781000000,-1.811000008,0.023997299
707,validation,3.064500093,1.654500000,-1.410000093,0.021803135
708,holdout,0.022000000,-0.134000000,-0.156000000,0.018636649
709,train,2.782999992,1.782000000,-1.000999992,0.040770624
710,validation,0.234500006,0.168000000,-0.066500006,0.003007222
711,train,8.411999702,5.447500000,-2.964499702,0.090946764
712,holdout,13.375499725,15.531500000,2.156000275,0.086129732
713,train,0.132499993,0.208500000,0.076000007,0.003285487
714,train,1.047000051,0.123000000,-0.924000051,0.010934526
715,holdout,0.229499996,0.093000000,-0.136499996,0.002424398
716,train,51.921001434,53.590000000,1.668998566,0.538434267
717,train,82.197502136,79.017000000,-3.180502136,0.522561073
718,validation,0.011000000,0.220000000,0.209000000,0.000000000
719,validation,2.596499920,2.697500000,0.101000080,0.020766424
720,train,0.306499988,0.229500000,-0.076999988,0.004744180
721,train,0.295500010,0.270000000,-0.025500010,0.011186760
722,train,0.941500008,0.044500000,-0.897000008,0.007805435
723,holdout,2.299499989,2.407000000,0.107500011,0.034948155
724,train,9.340999603,6.494500000,-2.846499603,0.062528558
725,train,1.286999941,-0.010000000,-1.296999941,0.023381699
726,train,2.345499992,1.771500000,-0.573999992,0.021681229
727,holdout,0.098999999,0.234000000,0.135000001,0.000000086
728,holdout,1.087499976,-0.015500000,-1.102999976,0.004533007
729,train,65.800003052,67.941500000,2.141496948,0.309880048
730,validation,24.884000778,21.023000000,-3.861000778,0.376842916
731,train,48.320499420,45.912500000,-2.407999420,0.448170871
732,train,0.001000000,0.000000000,-0.001000000,0.000000000
733,train,9.494999886,8.674500000,-0.820499886,0.090441599
734,train,1.703500032,1.581000000,-0.122500032,0.024294153
735,train,17.954500198,16.522000000,-1.432500198,0.194526657
736,train,3.818500042,3.347000000,-0.471500042,0.022955179
737,train,9.402000427,5.596000000,-3.806000427,0.064608812
738,validation,18.261499405,15.866500000,-2.394999405,0.176374391
739,train,16.753499985,15.456000000,-1.297499985,0.100198880
740,train,0.003000000,0.232000000,0.229000000,0.001127350
741,train,10.566499710,9.203500000,-1.362999710,0.076260291
742,train,49.975498199,59.615000000,9.639501801,0.513250351
743,train,1.129500031,0.357500000,-0.772000031,0.009137131
744,train,5.096000195,4.522500000,-0.573500195,0.043703761
745,train,49.098499298,51.451000000,2.352500702,0.573153615
746,holdout,0.000000000,0.244500000,0.244500000,0.000000000
747,train,27.226499557,27.581000000,0.354500443,0.222331494
748,train,5.845499992,4.591500000,-1.253999992,0.074964225
749,holdout,0.667500019,0.573000000,-0.094500019,0.008294949
750,validation,0.000000000,0.234000000,0.234000000,0.000000000
751,train,0.216000006,0.231000000,0.014999994,0.001227030
752,train,2.108500004,0.621500000,-1.487000004,0.009764617
753,train,0.001500000,-0.015000000,-0.016500000,0.002998760
754,validation,40.352500916,42.076500000,1.723999084,0.370187134
755,train,3.822000027,2.450500000,-1.371500027,0.023984766
756,train,6.384500027,4.217000000,-2.167500027,0.045493942
757,train,0.782999992,-0.205500000,-0.988499992,0.011083053
758,train,0.594500005,0.182500000,-0.412000005,0.013668313
759,train,0.000000000,0.241500000,0.241500000,0.002627862
760,train,0.212500006,0.551500000,0.338999994,0.014582366
761,train,0.801999986,0.526000000,-0.275999986,0.001166997
762,train,75.420501709,77.185000000,1.764498291,0.512333453
763,train,0.092500001,0.227500000,0.134999999,0.004467188
764,train,1.160500050,0.952500000,-0.208000050,0.015855363
765,train,7.355500221,6.451000000,-0.904500221,0.047535054
766,train,1.570000052,0.995000000,-0.575000052,0.008082486
767,train,8.411000252,6.954500000,-1.456500252,0.047985796
768,train,9.340499878,4.770500000,-4.569999878,0.134966373
769,train,-1.068500042,-1.607500000,-0.538999958,0.086318731
770,train,24.333999634,21.115500000,-3.218499634,0.157789305
771,holdout,4.619500160,2.944000000,-1.675500160,0.015768312
772,train,1.751999974,0.823000000,-0.928999974,0.057729762
773,holdout,0.021500001,0.281000000,0.259499999,0.000773445
774,train,0.286000013,0.659000000,0.372999987,0.014510710
775,train,20.252500534,22.302500000,2.049999466,0.323607832
776,train,3.013000011,0.795000000,-2.218000011,0.014161340
777,train,16.184499741,14.456500000,-1.727999741,0.149009958
778,train,0.750000000,0.032000000,-0.718000000,0.001553046
779,train,4.442999840,4.167500000,-0.275499840,0.045291949
780,holdout,0.342500001,0.053500000,-0.289000001,0.001285748
781,train,-0.179499999,-0.191000000,-0.011500001,0.003472395
782,train,60.905998230,56.097000000,-4.808998230,0.513644576
783,train,0.498499990,0.005500000,-0.492999990,0.000039873
784,train,6.811999798,4.749500000,-2.062499798,0.038725913
785,train,59.604999542,68.568000000,8.963000458,0.422214270
786,train,82.142997742,79.091500000,-3.051497742,0.535449207
787,train,0.521000028,0.102000000,-0.419000028,0.000274738
788,validation,0.255499989,0.236500000,-0.018999989,0.003230683
789,holdout,55.494499207,55.668500000,0.174000793,0.407952666
790,holdout,0.597000003,0.360000000,-0.237000003,0.001839213
791,validation,33.381000519,29.449000000,-3.932000519,0.222453386
792,holdout,-0.337500006,0.061000000,0.398500006,0.004931455
793,holdout,28.306499481,28.510500000,0.204000519,0.224404991
794,train,34.144001007,40.372500000,6.228498993,0.274262637
795,train,26.889499664,28.725500000,1.836000336,0.221393809
796,train,14.223999977,13.806500000,-0.417499977,0.142057627
797,holdout,1.210999966,0.874000000,-0.336999966,0.018311715
798,train,4.939499855,4.053500000,-0.885999855,0.038821552
799,validation,1.100499988,0.619000000,-0.481499988,0.011992113
800,train,0.108000003,0.233000000,0.124999997,0.003700122
801,validation,0.082000002,0.647000000,0.564999998,0.007270961
802,train,0.935500026,-0.255500000,-1.191000026,0.054155245
803,train,14.482000351,15.836000000,1.353999649,0.137384564
804,train,0.214000002,0.000000000,-0.214000002,0.000000000
805,train,10.095999718,8.158000000,-1.937999718,0.088793606
806,train,6.974500179,4.528000000,-2.446500179,0.045992751
807,train,3.436000109,2.332500000,-1.103500109,0.045786727
808,train,5.199999809,5.229500000,0.029500191,0.039515764
809,train,0.381500006,0.246500000,-0.135000006,0.004133776
810,train,5.220499992,3.695000000,-1.525499992,0.035510480
811,train,2.929500103,3.107000000,0.177499897,0.043104056
812,validation,-0.156000003,0.798500000,0.954500003,0.004436781
813,train,70.487998962,72.410500000,1.922501038,0.478958696
814,train,2.029000044,1.098500000,-0.930500044,0.014612111
815,train,1.487499952,0.689000000,-0.798499952,0.023547785
816,train,0.750500023,0.011000000,-0.739500023,0.009230142
817,holdout,4.499499798,3.670000000,-0.829499798,0.034997389
818,train,1.504999995,-0.163000000,-1.667999995,0.008058110
819,train,3.666500092,2.205000000,-1.461500092,0.020259472
820,train,37.486000061,38.641500000,1.155499939,0.239685118
821,validation,1.410500050,0.804500000,-0.606000050,0.017006714
822,train,53.919498444,48.989500000,-4.929998444,0.399970472
823,train,0.735499978,0.684000000,-0.051499978,0.007354897
824,holdout,43.178501129,45.239000000,2.060498871,0.394017041
825,train,10.376999855,9.061500000,-1.315499855,0.059543684
826,train,0.183500007,0.000000000,-0.183500007,0.000000000
827,train,0.485500008,0.224000000,-0.261500008,0.006135519
828,train,61.580501556,57.301500000,-4.279001556,0.461001158
829,validation,3.213000059,1.649500000,-1.563500059,0.041084737
830,train,6.305500031,2.761000000,-3.544500031,0.056305896
831,train,0.325500011,0.230000000,-0.095500011,0.004368950
832,validation,0.609499991,-1.195000000,-1.804499991,0.070191450
833,validation,0.567499995,0.353500000,-0.213999995,0.003652328
834,train,8.155500412,6.486500000,-1.669000412,0.056030352
835,train,0.094499998,0.266000000,0.171500002,0.004659634
836,train,0.614000022,0.248000000,-0.366000022,0.009872332
837,train,0.094999999,1.022000000,0.927000001,0.002426589
838,train,6.898499966,7.104500000,0.206000034,0.049135625
839,train,0.417499989,0.517500000,0.100000011,0.008038696
840,train,-0.108499996,0.126000000,0.234499996,0.004061399
841,train,6.544000149,3.644000000,-2.900000149,0.043308903
842,holdout,14.507499695,15.116500000,0.609000305,0.115064830
843,train,8.654500008,6.868500000,-1.786000008,0.116391271
844,train,4.061500072,2.558000000,-1.503500072,0.031321332
845,train,43.985500336,47.732500000,3.746999664,0.498097181
846,train,48.790000916,44.469500000,-4.320500916,0.402463496
847,train,0.509999990,0.014000000,-0.495999990,0.001658997
848,train,5.620500088,4.322500000,-1.298000088,0.067558385
849,train,0.203500003,0.217500000,0.013999997,0.002464157
850,train,4.755000114,4.032500000,-0.722500114,0.022533610
851,train,0.621500015,0.186500000,-0.435000015,0.008530334
852,train,0.756500006,0.448000000,-0.308500006,0.001135583
853,train,1.483999968,0.901000000,-0.582999968,0.019615395
854,train,1.875000000,0.801500000,-1.073500000,0.007494471
855,train,3.403000116,1.807500000,-1.595500116,0.026110524
856,validation,13.185999870,10.818000000,-2.367999870,0.112432502
857,holdout,43.662998199,45.979500000,2.316501801,0.442179471
858,train,0.750500023,0.231500000,-0.519000023,0.000000000
859,train,57.229000092,54.629000000,-2.600000092,0.463918537
860,train,7.664500237,7.721000000,0.056499763,0.052697901
861,train,25.058000565,21.562000000,-3.496000565,0.224788561
862,train,22.165000916,19.994500000,-2.170500916,0.279467374
863,train,-0.145500004,0.047500000,0.193000004,0.004633753
864,train,0.125499994,0.887500000,0.762000006,0.002511708
865,validation,2.397500038,2.405000000,0.007499962,0.021206999
866,holdout,-0.356500000,0.962000000,1.318500000,0.046000302
867,validation,0.222499996,0.601000000,0.378500004,0.005034698
868,holdout,0.000000000,0.106500000,0.106500000,0.000000000
869,train,0.446500003,0.328000000,-0.118500003,0.000000015
870,train,-1.601500034,-3.038000000,-1.436499966,0.090978324
871,train,0.131999999,0.747500000,0.615500001,0.004471722
872,validation,11.822999954,12.946500000,1.123500046,0.115839407
873,holdout,1.830000043,1.735000000,-0.095000043,0.031889100
874,train,6.314499855,3.865500000,-2.448999855,0.028892064
875,holdout,0.240500003,0.110000000,-0.130500003,0.018833183
876,validation,11.737000465,11.470500000,-0.266500465,0.072079405
877,holdout,0.000000000,0.236500000,0.236500000,0.000020956
878,train,28.608499527,27.238000000,-1.370499527,0.253447324
879,train,7.073999882,7.342000000,0.268000118,0.068714969
880,train,22.704000473,22.186000000,-0.518000473,0.213023961
881,validation,6.537000179,4.654500000,-1.882500179,0.058584884
882,train,10.078000069,10.003000000,-0.075000069,0.119673140
883,train,-0.267500013,-0.690000000,-0.422499987,0.083831906
884,train,10.595000267,6.233000000,-4.362000267,0.114080168
885,holdout,17.330499649,18.552000000,1.221500351,0.113641299
886,train,13.677499771,12.470000000,-1.207499771,0.070040509
887,train,27.957500458,30.161000000,2.203499542,0.234403178
888,train,29.033500671,26.934000000,-2.099500671,0.222127631
889,train,58.280498505,58.058000000,-0.222498505,0.466721028
890,train,3.857000113,1.894000000,-1.963000113,0.020390099
891,validation,4.199500084,2.611000000,-1.588500084,0.012258959
892,validation,0.111500002,0.204000000,0.092499998,0.000000241
893,train,0.027500000,0.293000000,0.265500000,0.003544498
894,train,41.940498352,51.767500000,9.827001648,0.481578380
895,train,0.001000000,0.235500000,0.234500000,0.000977811
896,train,1.700500011,1.617000000,-0.083500011,0.014702336
897,train,2.165999889,1.488500000,-0.677499889,0.017071294
898,train,2.921999931,0.807500000,-2.114499931,0.016501749
899,train,0.000000000,0.243500000,0.243500000,0.000001813
900,train,8.215499878,5.575500000,-2.639999878,0.067263417
901,train,56.486000061,52.459500000,-4.026500061,0.430581093
902,validation,0.985000014,0.187000000,-0.798000014,0.013432904
903,validation,49.055999756,44.407000000,-4.648999756,0.399984211
904,validation,1.160500050,-0.047500000,-1.208000050,0.008072496
905,validation,2.419500113,0.455000000,-1.964500113,0.007781828
906,train,0.878000021,0.251500000,-0.626500021,0.005240043
907,train,1.349499941,0.064500000,-1.284999941,0.023421302
908,train,1.729500055,0.352500000,-1.377000055,0.008731802
909,train,1.410500050,1.191500000,-0.219000050,0.019006943
910,train,-0.082000002,0.132000000,0.214000002,0.004571757
911,train,1.758499980,0.579500000,-1.178999980,0.012391892
912,train,2.821000099,1.381500000,-1.439500099,0.056015998
913,holdout,3.976999998,3.613500000,-0.363499998,0.031520840
914,train,0.784500003,0.448500000,-0.336000003,0.006564524
915,holdout,63.877498627,70.381000000,6.503501373,0.549595118
916,train,12.680500031,12.888000000,0.207499969,0.050727475
917,train,0.000000000,0.239000000,0.239000000,0.000000000
918,train,0.000000000,0.231500000,0.231500000,0.000000000
919,train,74.372497559,79.072000000,4.699502441,0.448109269
920,train,9.637000084,8.726500000,-0.910500084,0.116618089
921,train,8.396499634,6.568000000,-1.828499634,0.061914105
922,train,0.343499988,0.321000000,-0.022499988,0.000000000
923,train,0.685000002,-0.029500000,-0.714500002,0.008765857
924,holdout,0.941500008,0.624500000,-0.317000008,0.017348150
925,validation,0.049500000,0.110500000,0.061000000,0.000000000
926,train,0.742999971,0.290000000,-0.452999971,0.008407113
927,train,36.326499939,30.871000000,-5.455499939,0.199252725
928,train,20.261499405,20.473500000,0.212000595,0.177055448
929,train,5.811999798,3.063000000,-2.748999798,0.048093002
930,train,0.749000013,0.320500000,-0.428500013,0.003427380
931,validation,0.141499996,0.085000000,-0.056499996,0.000000000
932,train,0.231999993,0.232500000,0.000500007,0.003557367
933,train,5.278500080,4.519000000,-0.759500080,0.093371369
934,train,6.670000076,4.724000000,-1.946000076,0.043687820
935,train,38.370498657,43.797000000,5.426501343,0.398960054
936,holdout,2.163000107,1.684000000,-0.479000107,0.036203004
937,train,0.046000000,0.245000000,0.199000000,0.004531949
938,train,8.511500359,7.199000000,-1.312500359,0.059488181
939,train,0.001500000,0.294000000,0.292500000,0.001167781
940,validation,4.260499954,3.346000000,-0.914499954,0.040687278
941,train,62.481498718,59.129500000,-3.351998718,0.523841321
942,train,0.437500000,0.005000000,-0.432500000,0.001585474
943,train,1.079499960,0.212500000,-0.866999960,0.009512921
944,train,65.331001282,66.653500000,1.322498718,0.504919410
945,train,1.311499953,0.733000000,-0.578499953,0.009410329
946,train,1.373499990,0.345500000,-1.027999990,0.004276245
947,validation,2.071000099,1.468500000,-0.602500099,0.008026531
948,holdout,0.351500005,0.322000000,-0.029500005,0.004058015
949,train,8.509499550,9.821500000,1.312000450,0.093251407
950,validation,1.583999991,1.282000000,-0.301999991,0.012748659
951,train,1.296499968,0.402500000,-0.893999968,0.006367941
952,train,4.277999878,2.632000000,-1.645999878,0.041768845
953,holdout,2.424000025,1.821000000,-0.603000025,0.024909137
954,train,0.000000000,0.221500000,0.221500000,0.000000000
955,train,-4.973999977,-4.105500000,0.868499977,0.092414461
956,holdout,1.598999977,1.376000000,-0.222999977,0.009532655
957,train,0.231500000,0.231500000,0.000000000,0.003384318
958,train,1.060500026,0.184000000,-0.876500026,0.011367124
959,train,9.923500061,10.230500000,0.306999939,0.095121436
960,train,0.699000001,0.544500000,-0.154500001,0.004706149
961,train,0.238499999,0.002500000,-0.235999999,0.000873024
962,holdout,0.000000000,0.232500000,0.232500000,0.000020972
963,holdout,59.332500458,58.232000000,-1.100500458,0.335748702
964,train,39.162498474,37.170500000,-1.991998474,0.161145091
965,train,10.099499702,9.136000000,-0.963499702,0.056375682
966,validation,0.001500000,0.234000000,0.232500000,0.000000000
967,holdout,-0.052499998,0.283000000,0.335499998,0.004927055
968,train,3.037499905,1.519000000,-1.518499905,0.019079870
969,validation,11.586000443,12.958500000,1.372499557,0.086246923
970,holdout,12.880000114,10.431500000,-2.448500114,0.105405174
971,train,0.238000005,0.000000000,-0.238000005,0.000866591
972,holdout,4.877999783,3.635000000,-1.242999783,0.060730278
973,validation,5.959499836,3.875500000,-2.083999836,0.023701126
974,train,0.498499990,0.028500000,-0.469999990,0.001633249
975,train,5.013500214,2.966000000,-2.047500214,0.094455525
976,train,1.217499971,0.689500000,-0.527999971,0.014675267
977,train,13.490500450,10.359500000,-3.131000450,0.153074637
978,validation,13.567999840,9.468000000,-4.099999840,0.110224463
979,train,45.368000031,41.247000000,-4.121000031,0.278674364
980,validation,2.163000107,1.011000000,-1.152000107,0.027650690
981,train,0.000000000,0.236000000,0.236000000,0.000000668
982,validation,47.347499847,41.990000000,-5.357499847,0.235081673
983,holdout,0.000000000,0.250500000,0.250500000,0.000000110
984,holdout,9.300999641,11.451500000,2.150500359,0.122622401
985,holdout,64.680999756,68.080000000,3.399000244,0.418180913
986,validation,0.425999999,0.230000000,-0.195999999,0.006949715
987,train,57.965499878,55.010500000,-2.954999878,0.362158746
988,train,2.890000105,1.217500000,-1.672500105,0.023505682
989,holdout,14.334500313,13.124500000,-1.210000313,0.130433053
990,train,82.805000305,80.888500000,-1.916500305,0.508334935
991,holdout,29.295000076,29.637000000,0.341999924,0.277615428
992,train,32.733501434,32.373500000,-0.360001434,0.328423202
993,train,0.016000001,0.237000000,0.220999999,0.001474391
994,train,1.479500055,0.589500000,-0.890000055,0.014522337
995,train,5.492499828,3.632000000,-1.860499828,0.035018794
996,validation,15.118000031,17.111500000,1.993499969,0.159769103
997,train,9.535499573,6.224000000,-3.311499573,0.068397090
998,train,15.880499840,12.559000000,-3.321499840,0.154185086
999,train,0.291999996,-0.652500000,-0.944499996,0.008092662
1000,train,0.449000001,0.016500000,-0.432500001,0.000000000
1001,holdout,16.783500671,15.156500000,-1.627000671,0.138598144
1002,train,1.912500024,0.889000000,-1.023500024,0.019519102
1003,train,1.030500054,0.647000000,-0.383500054,0.007071225
1004,holdout,0.184499994,0.241500000,0.057000006,0.000008674
1005,validation,5.331999779,4.827000000,-0.504999779,0.043659285
1006,train,1.422999978,0.817500000,-0.605499978,0.025822811
1007,train,0.000000000,0.239000000,0.239000000,0.000000002
1008,validation,2.301000118,1.033500000,-1.267500118,0.000027812
1009,train,3.382499933,1.946500000,-1.435999933,0.026033705
1010,train,0.400999993,0.156000000,-0.244999993,0.000000307
1011,train,0.122000001,0.230500000,0.108499999,0.004465377
1012,train,5.592500210,3.394000000,-2.198500210,0.045804806
1013,train,8.779000282,8.516500000,-0.262500282,0.059441429
1014,train,35.876499176,38.174500000,2.298000824,0.243608817
1015,validation,0.057000000,0.690000000,0.633000000,0.003380939
1016,validation,2.583499908,1.352000000,-1.231499908,0.021265995
1017,train,9.314499855,7.300000000,-2.014499855,0.054394078
1018,holdout,3.226999998,2.642000000,-0.584999998,0.047818001
1019,validation,0.300500005,0.000000000,-0.300500005,0.002946591
1020,train,0.017500000,0.245500000,0.228000000,0.004513060
1021,validation,1.385499954,1.080500000,-0.304999954,0.013799823
1022,train,0.718500018,0.390000000,-0.328500018,0.011525035
1023,validation,0.264999986,0.113500000,-0.151499986,0.004591760
1024,holdout,-0.211500004,0.025000000,0.236500004,0.005354715
1025,validation,26.066999435,22.722000000,-3.344999435,0.188207150
1026,validation,0.000000000,0.231000000,0.231000000,0.000000000
1027,train,5.077499866,3.363000000,-1.714499866,0.032177724
1028,train,0.709500015,0.080500000,-0.629000015,0.006299201
1029,train,56.088001251,48.110500000,-7.977501251,0.296349287
1030,train,0.954500020,0.443500000,-0.511000020,0.008099349
1031,train,0.231999993,0.232500000,0.000500007,0.003579092
1032,holdout,35.472999573,32.734500000,-2.738499573,0.205331758
1033,holdout,18.264499664,15.495500000,-2.768999664,0.138726190
1034,train,0.405499995,0.000000000,-0.405499995,0.000000100
1035,holdout,3.800499916,2.661500000,-1.138999916,0.035340399
1036,train,13.147000313,12.572000000,-0.575000313,0.121931791
1037,holdout,1.767500043,0.858000000,-0.909500043,0.020631796
1038,train,30.943000793,35.299000000,4.355999207,0.430876464
1039,train,20.907499313,22.963000000,2.055500687,0.247528136
1040,train,46.942501068,46.472500000,-0.470001068,0.251372635
1041,train,76.844497681,75.013500000,-1.830997681,0.506165922
1042,validation,43.847499847,39.581000000,-4.266499847,0.266533613
1043,train,0.000000000,0.239500000,0.239500000,0.000000000
1044,train,15.937000275,17.516000000,1.578999725,0.106537171
1045,train,0.208000004,0.242500000,0.034499996,0.000000000
1046,train,7.287499905,4.556500000,-2.730999905,0.053944554
1047,train,52.943500519,54.894500000,1.950999481,0.232856393
1048,train,2.898999929,2.022500000,-0.876499929,0.065752566
1049,validation,4.561999798,3.037000000,-1.524999798,0.022895904
1050,validation,1.635499954,1.288500000,-0.346999954,0.019440586
1051,train,1.322999954,0.225000000,-1.097999954,0.000000443
1052,train,9.832500458,6.041000000,-3.791500458,0.108358920
1053,train,1.047999978,0.124500000,-0.923499978,0.006745071
1054,train,4.076000214,3.927000000,-0.149000214,0.030112406
1055,train,0.000000000,0.234000000,0.234000000,0.001074345
1056,validation,0.592000008,0.479000000,-0.113000008,0.001053189
1057,train,17.417999268,18.435000000,1.017000732,0.093423076
1058,validation,0.686999977,0.220000000,-0.466999977,0.024323612
1059,train,0.433499992,0.565500000,0.132000008,0.008055128
1060,train,41.913501740,50.473000000,8.559498260,0.425037056
1061,train,39.729499817,43.145500000,3.416000183,0.448084146
1062,train,0.172000006,0.765000000,0.592999994,0.006858835
1063,train,9.272500038,7.169500000,-2.103000038,0.052262504
1064,train,8.050499916,7.701000000,-0.349499916,0.073553808
1065,holdout,1.027500033,0.691500000,-0.336000033,0.021451974
1066,holdout,9.991499901,9.812000000,-0.179499901,0.048950586
1067,holdout,55.409999847,51.308000000,-4.101999847,0.346259117
1068,holdout,0.713500023,0.766500000,0.052999977,0.007515956
1069,train,0.000000000,0.231000000,0.231000000,0.000000000
1070,train,0.254000008,0.230500000,-0.023500008,0.003566729
1071,validation,1.074000001,-0.014000000,-1.088000001,0.004488278
1072,holdout,0.456499994,0.446000000,-0.010499994,0.000055300
1073,train,0.490999997,0.061500000,-0.429499997,0.001363775
1074,train,2.184000015,1.497500000,-0.686500015,0.020670012
1075,train,6.571000099,4.842500000,-1.728500099,0.048516057
1076,train,0.616999984,0.285500000,-0.331499984,0.007535922
1077,train,1.140499949,0.351000000,-0.789499949,0.021042604
1078,validation,0.224000007,0.074500000,-0.149500007,0.000000003
1079,holdout,7.051000118,6.163500000,-0.887500118,0.049692497
1080,train,1.266499996,1.492500000,0.226000004,0.014940110
1081,holdout,2.210500002,2.023500000,-0.187000002,0.047577754
1082,train,0.000000000,0.219500000,0.219500000,0.000000000
1083,train,0.498499990,0.145000000,-0.353499990,0.000000465
1084,train,20.670000076,22.226000000,1.555999924,0.222705081
1085,holdout,11.798999786,10.390000000,-1.408999786,0.109646574
1086,train,0.028000001,0.125000000,0.096999999,0.002211754
1087,train,1.302000046,1.099500000,-0.202500046,0.005078878
1088,holdout,7.976500034,7.430500000,-0.546000034,0.051868442
1089,train,3.578999996,2.596000000,-0.982999996,0.029015008
1090,holdout,0.342000008,0.336500000,-0.005500008,0.004110094
1091,train,9.041000366,8.685500000,-0.355500366,0.088738501
1092,validation,0.342999995,0.401000000,0.058000005,0.003040777
1093,train,1.315999985,0.413500000,-0.902499985,0.000000965
1094,train,52.521999359,49.115000000,-3.406999359,0.358758390
1095,train,0.606999993,0.237500000,-0.369499993,0.009823967
1096,train,23.194999695,23.720500000,0.525500305,0.177220404
1097,train,0.947000027,0.082500000,-0.864500027,0.004067022
1098,train,0.878499985,0.068000000,-0.810499985,0.000683893
1099,holdout,42.930999756,38.482500000,-4.448499756,0.333038211
1100,holdout,1.664000034,1.018500000,-0.645500034,0.012927108
1101,train,0.003500000,0.000000000,-0.003500000,0.000000000
1102,holdout,1.760499954,1.242000000,-0.518499954,0.012489026
1103,train,37.172500610,38.489000000,1.316499390,0.286475748
1104,holdout,1.940500021,1.716000000,-0.224500021,0.021080619
1105,train,2.158999920,2.098500000,-0.060499920,0.054696083
1106,train,1.205999970,0.359500000,-0.846499970,0.009523101
1107,train,0.644999981,0.005500000,-0.639499981,0.008737579
1108,train,13.748999596,10.938500000,-2.810499596,0.236366525
1109,train,1.786999941,0.638000000,-1.148999941,0.000027808
1110,train,68.594001770,74.474500000,5.880498230,0.344594955
1111,train,0.274500012,0.000000000,-0.274500012,0.000026958
1112,train,6.943500042,3.647500000,-3.296000042,0.035566121
1113,train,0.232999995,0.233000000,0.000000005,0.002224648
1114,train,17.139999390,14.825500000,-2.314499390,0.139730871
1115,holdout,14.029000282,12.297500000,-1.731500282,0.182820052
1116,train,8.711000443,5.144500000,-3.566500443,0.060048860
1117,validation,1.083999991,1.164500000,0.080500009,0.011014915
1118,holdout,0.896000028,0.768000000,-0.128000028,0.007627696
1119,train,0.566500008,0.167000000,-0.399500008,0.002565695
1120,train,3.178499937,1.299500000,-1.878999937,0.014789340
1121,train,0.000000000,0.237500000,0.237500000,0.002573187
1122,train,5.176000118,3.500000000,-1.676000118,0.018742612
1123,train,0.240500003,0.000000000,-0.240500003,0.002627705
1124,train,1.154999971,0.743000000,-0.411999971,0.016792819
1125,holdout,29.324499130,25.701000000,-3.623499130,0.189714506
1126,train,2.315000057,1.380000000,-0.935000057,0.016880019
1127,validation,24.686000824,26.462500000,1.776499176,0.145709530
1128,train,33.952499390,33.199000000,-0.753499390,0.175236225
1129,validation,17.658000946,13.253500000,-4.404500946,0.231592461
1130,validation,33.439498901,36.594500000,3.155001099,0.557180762
1131,train,73.539001465,72.658000000,-0.881001465,0.538921356
1132,train,23.479999542,22.731500000,-0.748499542,0.114936046
1133,train,53.415000916,55.890500000,2.475499084,0.414233565
1134,train,7.063000202,5.991500000,-1.071500202,0.054275747
1135,train,0.000000000,0.230500000,0.230500000,0.000000000
1136,train,6.343999863,4.899500000,-1.444499863,0.050286949
1137,validation,0.629000008,0.004500000,-0.624500008,0.007485439
1138,train,8.114999771,10.331000000,2.216000229,0.093428001
1139,train,0.915499985,0.154000000,-0.761499985,0.007361215
1140,train,0.816500008,-0.162500000,-0.979000008,0.010053772
1141,holdout,50.822498322,51.246000000,0.423501678,0.363301277
1142,train,36.605998993,30.707000000,-5.898998993,0.191890195
1143,train,3.770999908,2.466000000,-1.304999908,0.030656096
1144,train,0.528999984,0.000000000,-0.528999984,0.007970939
1145,train,13.518500328,10.676500000,-2.842000328,0.108251795
1146,train,1.831500053,0.939000000,-0.892500053,0.035186090
1147,train,16.448499680,14.047000000,-2.401499680,0.122895971
1148,holdout,0.231000006,0.061000000,-0.170000006,0.002422491
1149,train,13.789999962,11.370000000,-2.419999962,0.116808802
1150,train,0.000000000,0.235500000,0.235500000,0.000000000
1151,train,39.161499023,42.037500000,2.876000977,0.425121695
1152,train,14.248499870,11.925000000,-2.323499870,0.143951878
1153,train,0.407999992,-0.585500000,-0.993499992,0.008255100
1154,train,34.798000336,34.234500000,-0.563500336,0.211727247
1155,train,0.000000000,0.238500000,0.238500000,0.002627732
1156,train,12.459500313,9.202500000,-3.257000313,0.125881478
1157,train,8.818499565,6.536500000,-2.281999565,0.057664961
1158,train,9.401499748,8.729000000,-0.672499748,0.057824541
1159,train,12.265999794,13.984500000,1.718500206,0.144645125
1160,train,0.388500005,0.230500000,-0.158000005,0.005560728
1161,train,81.345497131,80.891000000,-0.454497131,0.509060860
1162,train,47.727001190,44.460500000,-3.266501190,0.453003615
1163,holdout,0.014000000,0.186500000,0.172500000,0.000000583
1164,train,0.939999998,0.999000000,0.059000002,0.011500328
1165,train,0.457500011,0.376500000,-0.081000011,0.013518324
1166,train,1.817999959,0.831000000,-0.986999959,0.047335953
1167,train,3.048500061,2.685000000,-0.363500061,0.024942832
1168,train,0.744499981,0.247000000,-0.497499981,0.010484950
1169,train,1.437000036,0.549000000,-0.888000036,0.008653074
1170,validation,1.005499959,0.973000000,-0.032499959,0.023834620
1171,validation,0.588000000,0.458500000,-0.129500000,0.000915489
1172,train,1.911499977,0.645500000,-1.265999977,0.000008404
1173,train,0.842499971,0.475000000,-0.367499971,0.001294805
1174,train,15.446000099,12.299500000,-3.146500099,0.162703395
1175,validation,4.922999859,3.259500000,-1.663499859,0.022044245
1176,holdout,12.204500198,10.866000000,-1.338500198,0.119569331
1177,train,7.230500221,6.164500000,-1.066000221,0.061550066
1178,validation,20.867500305,16.556000000,-4.311500305,0.150057420
1179,validation,0.000000000,0.231500000,0.231500000,0.001216538
1180,train,0.334500015,0.000000000,-0.334500015,0.000000000
1181,holdout,0.000000000,0.225500000,0.225500000,0.000004632
1182,train,19.348499298,18.873500000,-0.474999298,0.400384218
1183,train,0.000500000,0.165500000,0.165000000,0.001045227
1184,train,0.462000012,0.035000000,-0.427000012,0.000568114
1185,train,6.236499786,4.406500000,-1.829999786,0.044361260
1186,train,4.743000031,4.172000000,-0.571000031,0.044105869
1187,train,0.228000000,0.226500000,-0.001500000,0.004731546
1188,train,0.013500000,0.002000000,-0.011500000,0.003466483
1189,validation,11.249500275,9.148000000,-2.101500275,0.120203301
1190,train,13.720999718,14.584000000,0.863000282,0.044733681
1191,train,63.812000275,58.906500000,-4.905500275,0.522494376
1192,validation,1.727499962,1.145500000,-0.581999962,0.054692440
1193,train,47.847000122,54.691500000,6.844499878,0.555435061
1194,train,23.476499557,22.883000000,-0.593499557,0.118077606
1195,train,6.113500118,4.917000000,-1.196500118,0.079903498
1196,train,28.840000153,26.841500000,-1.998500153,0.223139048
1197,train,14.696999550,13.676000000,-1.020999550,0.067246951
1198,train,0.218999997,0.816500000,0.597500003,0.008600047
1199,train,11.350999832,11.321000000,-0.029999832,0.106150076
