epoch,train_loss,validation_loss,validation_correlation
1,0.3929116725921631,0.304701566696167,-0.21345962584018707
2,0.31918826699256897,0.24964158236980438,-0.31093141436576843
3,0.26084473729133606,0.20658773183822632,-0.3272881805896759
4,0.21507519483566284,0.17150768637657166,-0.32259541749954224
5,0.17842452228069305,0.14215423166751862,-0.3071579933166504
6,0.14774371683597565,0.11733364313840866,-0.285089910030365
7,0.12181977182626724,0.09644122421741486,-0.2588515281677246
8,0.10022736340761185,0.0791511982679367,-0.22998462617397308
9,0.08234246075153351,0.06520046293735504,-0.19966265559196472
10,0.06763865053653717,0.054279059171676636,-0.16917987167835236
11,0.056052982807159424,0.04599931836128235,-0.13959500193595886
12,0.047277770936489105,0.03991774097084999,-0.11165647208690643
13,0.04065975174307823,0.035579897463321686,-0.08546297252178192
14,0.03581280633807182,0.03257305920124054,-0.06089488044381142
15,0.032351214438676834,0.030548177659511566,-0.03776691108942032
16,0.030033016577363014,0.029225774109363556,-0.0158510934561491
17,0.028342150151729584,0.028391744941473007,0.005069852340966463
18,0.027261745184659958,0.027888841927051544,0.025165041908621788
19,0.02654256299138069,0.027603499591350555,0.044590096920728683
20,0.026098286733031273,0.027456248179078102,0.06346172839403152
21,0.025812402367591858,0.02739206701517105,0.08188312500715256
22,0.02558474987745285,0.027373582124710083,0.09993920475244522
23,0.025474896654486656,0.02737550437450409,0.11770475655794144
24,0.025380536913871765,0.027381129562854767,0.13522566854953766
25,0.02530480921268463,0.027379263192415237,0.15254531800746918
26,0.02525988779962063,0.027362294495105743,0.1697111427783966
27,0.025162575766444206,0.02732483297586441,0.18676845729351044
28,0.025164861232042313,0.02726368047297001,0.20372384786605835
29,0.025062832981348038,0.027175748720765114,0.22061848640441895
30,0.024895815178751945,0.027058344334363937,0.23748502135276794
31,0.024823788553476334,0.02690925821661949,0.2543436884880066
32,0.024576460942626,0.026726191863417625,0.2712036371231079
33,0.024419084191322327,0.02650684490799904,0.28806835412979126
34,0.02423281967639923,0.02624923177063465,0.30490586161613464
35,0.023874366655945778,0.025949768722057343,0.3217322528362274
36,0.023640958592295647,0.025605689734220505,0.33851808309555054
37,0.0233219712972641,0.025214698165655136,0.35520192980766296
38,0.02300724945962429,0.024774985387921333,0.3716990351676941
39,0.022665055468678474,0.02428586408495903,0.3878965377807617
40,0.02203504554927349,0.023745672777295113,0.40373799204826355
41,0.021601513028144836,0.023154882714152336,0.4191344082355499
42,0.0209810771048069,0.02251620404422283,0.4339752793312073
43,0.020414384081959724,0.021834200248122215,0.44816914200782776
44,0.01973261684179306,0.021117888391017914,0.46161773800849915
45,0.019099341705441475,0.020381009206175804,0.47418007254600525
46,0.018498778343200684,0.019636353477835655,0.48582586646080017
47,0.01783314347267151,0.01890316978096962,0.4964738190174103
48,0.017248166725039482,0.018201366066932678,0.5060862898826599
49,0.016346529126167297,0.017549598589539528,0.5146389603614807
50,0.015960363671183586,0.016966575756669044,0.5221281051635742
51,0.015451237559318542,0.01646670512855053,0.5285532474517822
52,0.015085041522979736,0.01606145314872265,0.5339673757553101
53,0.014696418307721615,0.01575184240937233,0.5384656190872192
54,0.01455433014780283,0.015532884746789932,0.5421736240386963
55,0.014389978721737862,0.01539408229291439,0.5452115535736084
56,0.014317143708467484,0.01532067358493805,0.5477063655853271
57,0.014308488927781582,0.015295454300940037,0.5497627258300781
58,0.014328178949654102,0.01530107669532299,0.551464319229126
59,0.014408252201974392,0.01532141026109457,0.5529093742370605
60,0.014465712942183018,0.015343528240919113,0.554162859916687
61,0.014475114643573761,0.015357072465121746,0.5552794933319092
62,0.014601435512304306,0.015354677103459835,0.5563020706176758
63,0.01461816392838955,0.015333207324147224,0.5572634339332581
64,0.014567629434168339,0.0152922747656703,0.5581791996955872
65,0.014502346515655518,0.01523264404386282,0.5590597987174988
66,0.014538302086293697,0.015157600864768028,0.5599073171615601
67,0.014411641284823418,0.015071929432451725,0.5607066750526428
68,0.014209222048521042,0.014980779960751534,0.5614525079727173
69,0.014118190854787827,0.014888751320540905,0.5621484518051147
70,0.01399163156747818,0.014801088720560074,0.5627756118774414
71,0.013890409842133522,0.01472233422100544,0.5633182525634766
72,0.013822832144796848,0.014655605889856815,0.5637602210044861
73,0.013745744712650776,0.014602944254875183,0.5640967488288879
74,0.013608911074697971,0.014564980752766132,0.5643197298049927
75,0.01353694312274456,0.014541907235980034,0.5644320845603943
76,0.013509423471987247,0.014531374908983707,0.5644795894622803
77,0.013476796448230743,0.014529999345541,0.5644913911819458
78,0.013400821946561337,0.014534072950482368,0.5645143389701843
79,0.013441874645650387,0.014540172182023525,0.5645784139633179
80,0.013371308334171772,0.014544835314154625,0.5647240281105042
81,0.013326430693268776,0.014544950798153877,0.5649906992912292
82,0.013284875079989433,0.014537714421749115,0.565409243106842
83,0.01331820897758007,0.014522319659590721,0.5659789443016052
84,0.013354656286537647,0.014498090371489525,0.5667064785957336
85,0.013417099602520466,0.014465125277638435,0.5675861835479736
86,0.013300754129886627,0.01442485861480236,0.5685935020446777
87,0.013146315701305866,0.014379645697772503,0.5696913003921509
88,0.013253627344965935,0.014331506565213203,0.5708523392677307
89,0.013073858805000782,0.014282667078077793,0.5720394849777222
90,0.01315784826874733,0.014235037378966808,0.573219358921051
91,0.013006482273340225,0.014190290123224258,0.5743579864501953
92,0.013058710843324661,0.014149032533168793,0.5754509568214417
93,0.012995632365345955,0.014111666940152645,0.5764909982681274
94,0.013009519316256046,0.014078374952077866,0.5774623155593872
95,0.012858991511166096,0.014048933982849121,0.5783548951148987
96,0.012826011516153812,0.014022601768374443,0.5791794061660767
97,0.012963122688233852,0.013998687267303467,0.5799316167831421
98,0.01281222514808178,0.013976583257317543,0.5806142091751099
99,0.012869007885456085,0.013955625705420971,0.5812348127365112
100,0.01289064809679985,0.013935456052422523,0.5818009972572327
101,0.012755152769386768,0.013915818184614182,0.5823118090629578
102,0.012780883349478245,0.013896781951189041,0.5827820301055908
103,0.012768745422363281,0.013878189027309418,0.5832120180130005
104,0.012728766538202763,0.013860504142940044,0.5836020708084106
105,0.012856616638600826,0.013843894936144352,0.583962082862854
106,0.01275013480335474,0.013828493654727936,0.584288477897644
107,0.012696519494056702,0.013814140111207962,0.5845903754234314
108,0.012631190940737724,0.013800512999296188,0.584882915019989
109,0.012647498399019241,0.013787869364023209,0.5851588249206543
110,0.012664582580327988,0.013775117695331573,0.5854440331459045
111,0.012633593752980232,0.013762322254478931,0.5857445597648621
112,0.012606662698090076,0.01374917384237051,0.5860713124275208
113,0.012553781270980835,0.013734978623688221,0.5864274501800537
114,0.012657911516726017,0.013719373382627964,0.5868234038352966
115,0.012612705118954182,0.013702256605029106,0.5872629880905151
116,0.012526101432740688,0.013683787547051907,0.5877496004104614
117,0.012695801444351673,0.01366430427879095,0.5882659554481506
118,0.012553277425467968,0.01364413183182478,0.5888051986694336
119,0.01249685324728489,0.013623777776956558,0.589356005191803
120,0.012492255307734013,0.01360346470028162,0.5899163484573364
121,0.012437022291123867,0.013583917170763016,0.5904567241668701
122,0.012485544197261333,0.013565127737820148,0.590980589389801
123,0.012404746375977993,0.013547169044613838,0.5914720296859741
124,0.012363696470856667,0.013529992662370205,0.5919378399848938
125,0.012373706325888634,0.013513381592929363,0.5923763513565063
126,0.012425849214196205,0.013497689738869667,0.5927670001983643
127,0.012393222190439701,0.013482569716870785,0.5931267738342285
128,0.012405063025653362,0.013468064367771149,0.5934534668922424
129,0.012414894066751003,0.013454269617795944,0.593733012676239
130,0.012312933802604675,0.013441025279462337,0.5939919352531433
131,0.012210248038172722,0.01342824473977089,0.5942474603652954
132,0.012273017317056656,0.013415969908237457,0.5944873690605164
133,0.012330190278589725,0.01340362150222063,0.5947448015213013
134,0.012308211997151375,0.013390878215432167,0.5950257182121277
135,0.012345158495008945,0.013377838768064976,0.5953294038772583
136,0.012231052853167057,0.013364553451538086,0.595656156539917
137,0.012142615392804146,0.01335079874843359,0.5960127115249634
138,0.012171781621873379,0.013336757197976112,0.5963901281356812
139,0.012242513708770275,0.013322621583938599,0.5967915058135986
140,0.012216233648359776,0.013308094814419746,0.5972092151641846
141,0.012191682122647762,0.013293762691318989,0.5976297855377197
142,0.012137780897319317,0.013279875740408897,0.5980498194694519
143,0.01211742777377367,0.01326631847769022,0.5984713435173035
144,0.012019372545182705,0.013253173790872097,0.5988776683807373
145,0.012092973105609417,0.013240023516118526,0.5992956757545471
146,0.012028330937027931,0.013227169401943684,0.5997059345245361
147,0.012204328551888466,0.013214529491961002,0.6001133918762207
148,0.012155046686530113,0.013202182948589325,0.6005085110664368
149,0.012073606252670288,0.013189829885959625,0.6009243726730347
150,0.011998070403933525,0.01317781675606966,0.6013280749320984
151,0.012049001641571522,0.013165952637791634,0.6017177104949951
152,0.01210640650242567,0.013154329732060432,0.6020936965942383
153,0.012050465680658817,0.013143212534487247,0.6024497747421265
154,0.012010945938527584,0.013132193125784397,0.602806806564331
155,0.012027457356452942,0.013121189549565315,0.6031566262245178
156,0.011989613994956017,0.013110637664794922,0.6034800410270691
157,0.012015669606626034,0.013100050389766693,0.6038180589675903
158,0.011980735696852207,0.013089330866932869,0.6041656136512756
159,0.011983337812125683,0.013078158721327782,0.6045289635658264
160,0.01196669228374958,0.013066803105175495,0.6048954129219055
161,0.011910255067050457,0.013055100105702877,0.6052752733230591
162,0.01187408808618784,0.01304338127374649,0.6056643724441528
163,0.011933439411222935,0.013031551614403725,0.6060532927513123
164,0.011956802569329739,0.013019450008869171,0.6064411997795105
165,0.011790144257247448,0.01300709880888462,0.6068413853645325
166,0.01184620801359415,0.012995477765798569,0.6071886420249939
167,0.011865824460983276,0.012984049506485462,0.6075194478034973
168,0.011850457638502121,0.012972379103302956,0.6078518033027649
169,0.011822572909295559,0.012960589490830898,0.608180820941925
170,0.011889510788023472,0.012948551215231419,0.6085008978843689
171,0.011836383491754532,0.012936498038470745,0.608808159828186
172,0.011899556964635849,0.012924468144774437,0.6090911030769348
173,0.01177356205880642,0.01291273720562458,0.6093469262123108
174,0.011715446598827839,0.01290102582424879,0.6095918416976929
175,0.011710116639733315,0.012889347970485687,0.6098394989967346
176,0.01171378418803215,0.012877038680016994,0.6101285219192505
177,0.011686988174915314,0.012864183634519577,0.6104426383972168
178,0.011691148392856121,0.012851345352828503,0.6107586026191711
179,0.011677657254040241,0.012838030233979225,0.6110889315605164
180,0.011704616248607635,0.012824686244130135,0.6114235520362854
181,0.011678148992359638,0.012810556218028069,0.6118011474609375
182,0.011675436049699783,0.012796424329280853,0.6121841073036194
183,0.011579064652323723,0.01278204657137394,0.6126083135604858
184,0.011601272039115429,0.012768004089593887,0.6130238771438599
185,0.011608057655394077,0.012754122726619244,0.6134448647499084
186,0.011657661758363247,0.01274019293487072,0.6138832569122314
187,0.01163339801132679,0.012727238237857819,0.6142860651016235
188,0.011514070443809032,0.012715529650449753,0.6146072745323181
189,0.011569219641387463,0.012704267166554928,0.6149066090583801
190,0.01157262921333313,0.012693284079432487,0.6152016520500183
191,0.011590140871703625,0.012682678177952766,0.6154989004135132
192,0.011496034450829029,0.012672272510826588,0.6158310770988464
193,0.011473218910396099,0.012662079185247421,0.6161730885505676
194,0.01153634674847126,0.012651597149670124,0.6165538430213928
195,0.011453278362751007,0.012640314176678658,0.6169919967651367
196,0.011431142687797546,0.012629077769815922,0.6174283623695374
197,0.011414834298193455,0.012617561034858227,0.6178832054138184
198,0.011524681001901627,0.01260635070502758,0.618323028087616
199,0.011424941942095757,0.012595228850841522,0.6187541484832764
200,0.011471239849925041,0.012584665790200233,0.6191336512565613
