epoch,train_batch_loss,train_huber,validation_loss,validation_spearman
1,0.6312085092067719,0.22244903445243835,0.34425148367881775,0.6678045618691935
2,0.2660091274550983,0.11668048799037933,0.2477341592311859,0.7093531693365022
3,0.18932882696390152,0.06878720968961716,0.19820785522460938,0.7740382933629639
4,0.15387506942663873,0.05440027266740799,0.18954378366470337,0.7863020463594556
5,0.13010630304259913,0.04471587762236595,0.18153274059295654,0.7991954484191899
6,0.12504297920635768,0.035594210028648376,0.17911306023597717,0.8058273403500108
7,0.12283837050199509,0.030063066631555557,0.1773585081100464,0.8097760218936798
8,0.11246798772897039,0.030707165598869324,0.17496883869171143,0.8097842526003889
9,0.10503827248300825,0.025212224572896957,0.1715090423822403,0.8237497042089776
10,0.11184536133493696,0.023229744285345078,0.16783925890922546,0.8306881899647108
11,0.10998234099575452,0.025534404441714287,0.16624271869659424,0.8299124458573824
12,0.11544495767780713,0.0233300793915987,0.16990038752555847,0.8315524141691616
13,0.10038423165678978,0.020343506708741188,0.1629437804222107,0.8380155766124469
14,0.10105752465980393,0.018628131598234177,0.1728595495223999,0.8299782915110548
15,0.09863980486989021,0.01718735322356224,0.16546174883842468,0.8428963856909164
16,0.09915436484983989,0.015858406201004982,0.16138148307800293,0.8423490436947643
17,0.09397215555821146,0.014306314289569855,0.16048604249954224,0.8452976943732832
18,0.09387077657239777,0.015041722916066647,0.16375194489955902,0.8421350453203288
19,0.09526217515979495,0.014405602589249611,0.15831170976161957,0.8510098048293672
20,0.09956259120787893,0.014080132357776165,0.1624097228050232,0.8450713499387841
21,0.09078879281878471,0.014686614274978638,0.16055698692798615,0.8480282313240121
22,0.09268120623060636,0.011944297701120377,0.15924522280693054,0.8552938876714302
23,0.09329688282949584,0.012510623782873154,0.1595320850610733,0.8521703344753438
24,0.08877564753804888,0.013366182334721088,0.15715590119361877,0.8564688210541478
25,0.08959572975124631,0.01111723855137825,0.15847542881965637,0.8522588145724662
26,0.09353143987911088,0.010668225586414337,0.1615680754184723,0.853950224801177
27,0.09109775349497795,0.010987930931150913,0.1551068127155304,0.8634608064034898
28,0.08954584758196558,0.010750435292720795,0.15856972336769104,0.8545798738644197
29,0.08967950567603111,0.015305924229323864,0.16122686862945557,0.8546580655781557
30,0.0929604566523007,0.011687129735946655,0.1540493220090866,0.865436176013663
31,0.09370475794587817,0.01502122264355421,0.15260449051856995,0.8661522474973508
32,0.09158536898238319,0.012116709724068642,0.14596863090991974,0.8723437966192372
33,0.0921090937086514,0.010777278803288937,0.15097178518772125,0.8675782174346944
34,0.09318657272628375,0.011396055109798908,0.14993977546691895,0.8690453409055835
35,0.08624704767550741,0.009953988716006279,0.15191033482551575,0.8722409127853741
36,0.08978913139019694,0.007533258758485317,0.14931565523147583,0.8633208843894359
37,0.08505342581442424,0.007438729051500559,0.1527114063501358,0.8645945862526622
38,0.08383182755538396,0.007209063973277807,0.15747684240341187,0.859724065557579
39,0.08636326342821121,0.008513491600751877,0.14933079481124878,0.8651913124890686
40,0.08473080795790468,0.009131931699812412,0.15161296725273132,0.8699959875304794
41,0.0860183212373938,0.007900930009782314,0.14588558673858643,0.8738603043303805
42,0.08348166782941137,0.00861711148172617,0.14968819916248322,0.8691914359496692
43,0.08048104175499507,0.007338237017393112,0.15045621991157532,0.8677428315688756
44,0.08438318914600781,0.008362215012311935,0.14791624248027802,0.870921942035248
45,0.08711768420679229,0.008146662265062332,0.15258008241653442,0.8623352572610266
46,0.0821378728640931,0.007853396236896515,0.15218524634838104,0.8624648908916942
47,0.08280009616698537,0.0069314357824623585,0.15074679255485535,0.8694260110908772
48,0.08598382717796735,0.006752790883183479,0.15077650547027588,0.8651604473389096
49,0.0908542653279645,0.012068760581314564,0.15103842318058014,0.8704239842793502
50,0.09456901092614446,0.009668500162661076,0.14728735387325287,0.8734405382882188
51,0.10020599673901286,0.015695098787546158,0.14477524161338806,0.8773069127647972
52,0.09473498697791781,0.010235093533992767,0.15076741576194763,0.8729384651789664
53,0.08339405884700161,0.007602521684020758,0.14925843477249146,0.8745619720773274
54,0.08114815875887871,0.005988923832774162,0.1457001268863678,0.874588721874132
55,0.08177062230450767,0.0068359458819031715,0.1438591182231903,0.8765352840108234
56,0.08711809984275273,0.006376819685101509,0.15030178427696228,0.8728396966984577
57,0.0911439550774438,0.010567688383162022,0.15169993042945862,0.8685988250666172
58,0.08845673874020576,0.012319913133978844,0.15757109224796295,0.873286212537424
59,0.08939618776951518,0.010023482143878937,0.15535399317741394,0.8609771906540326
60,0.08333210833370686,0.0079322075471282,0.15714238584041595,0.8649299875510561
61,0.08570036292076111,0.006748178508132696,0.1467142552137375,0.8727800240748171
62,0.08790103026798793,0.006179321091622114,0.15099850296974182,0.8717943969464078
63,0.0847237456057753,0.005975690670311451,0.1462148278951645,0.8744261654166281
64,0.08426473875130926,0.006702159531414509,0.14332817494869232,0.8750702182166116
65,0.08646663544433457,0.008095323108136654,0.14920978248119354,0.8750866796300297
66,0.07922206446528435,0.006580530200153589,0.1477285623550415,0.8723828924761052
67,0.08478901588491031,0.006132114678621292,0.14961250126361847,0.8768871467226355
68,0.08112268575600215,0.006335080601274967,0.14714212715625763,0.867660524501785
69,0.0853891990014485,0.009089971892535686,0.15160155296325684,0.8691523400928012
70,0.0836570795093264,0.006648458074778318,0.14911311864852905,0.8745516836939412
71,0.08325360928262983,0.005408992525190115,0.14775985479354858,0.8712449972735784
72,0.07937215747577804,0.005237260367721319,0.14701873064041138,0.8783995390804243
73,0.08594858752829689,0.006861009635031223,0.15176741778850555,0.8719713571406524
74,0.08253326666142259,0.00614874716848135,0.14436165988445282,0.8785662108912826
75,0.08325171151331492,0.005778190214186907,0.14857834577560425,0.8757122133399179
76,0.08188261464238167,0.007205962669104338,0.14598441123962402,0.8730969062831158
77,0.08465770312717982,0.00651013758033514,0.14276328682899475,0.8777246211302818
78,0.08285147324204445,0.00590118020772934,0.14886561036109924,0.8698498924863937
79,0.08311693423560687,0.005227258428931236,0.14262713491916656,0.8747862588351493
80,0.08180532604455948,0.006617778912186623,0.14815503358840942,0.8684115764889863
81,0.0791452338120767,0.006508080754429102,0.14349913597106934,0.8762780744261655
82,0.0782448739877769,0.004569627344608307,0.14436045289039612,0.8779406771813945
83,0.0799958487706525,0.005436606239527464,0.14724236726760864,0.8737821126166445
84,0.08239530399441719,0.005273804534226656,0.1517144739627838,0.8642077430373365
85,0.08174034048404012,0.005617770832031965,0.14484107494354248,0.8737553628198401
86,0.0820955719266619,0.0066751278936862946,0.15179620683193207,0.873652478985977
87,0.081670201250485,0.005495538469403982,0.14335086941719055,0.8750784489233207
88,0.08452590129205159,0.012207253836095333,0.15601511299610138,0.8606191549121887
89,0.09113911911845207,0.007349207531660795,0.14596715569496155,0.8771464139839708
90,0.0884019530245236,0.01124698854982853,0.15281537175178528,0.876734878648518
91,0.0870512170451028,0.007968277670443058,0.14978401362895966,0.8693478193771412
92,0.0874605221407754,0.006463523488491774,0.14357122778892517,0.8753521199213967
93,0.08669269138148852,0.006029094569385052,0.14261046051979065,0.8808111361461773
94,0.08379434900624412,0.00598581088706851,0.14713256061077118,0.8791444180375938
95,0.08251369505056314,0.005853427108377218,0.142032653093338,0.8786711524018231
96,0.0824658562030111,0.006191319786012173,0.1421668827533722,0.8798728355813451
97,0.08295091933437757,0.0065615214407444,0.14480279386043549,0.8825190077883063
98,0.08290063110845429,0.006272271741181612,0.1431862860918045,0.8799695463851765
99,0.07967910622911793,0.007357829716056585,0.1438445895910263,0.8809860386637448
100,0.07954811358026095,0.005041784606873989,0.1425687074661255,0.8826074878854285
101,0.0793967635503837,0.004681541584432125,0.1447654366493225,0.8773768737718243
102,0.08083194494247437,0.005170885007828474,0.1485295295715332,0.8711997283866786
103,0.08007019013166428,0.004120533354580402,0.1447117030620575,0.8719651841106207
104,0.07888749986886978,0.005314854439347982,0.15005549788475037,0.8704815992263135
105,0.08177827032549041,0.006390717811882496,0.14907708764076233,0.8665596674794489
106,0.0807458758354187,0.005586122162640095,0.1466364860534668,0.8692655123100507
107,0.08175294526985713,0.005293221212923527,0.14663520455360413,0.876103171908598
108,0.08416101283260755,0.006866255309432745,0.14892490208148956,0.8667448583804027
109,0.07851045951247215,0.00582506787031889,0.14285695552825928,0.8793193205551612
110,0.07902659741895539,0.00532087916508317,0.14177647233009338,0.877928331121331
111,0.07960370395864759,0.005417996551841497,0.14752531051635742,0.8690844367624515
112,0.08400196901389531,0.005240106955170631,0.14715483784675598,0.8686708437503216
113,0.08280393215162414,0.004636410623788834,0.1416546106338501,0.8779015813245264
114,0.07626797844256673,0.005081667564809322,0.1433042585849762,0.8763830159367059
115,0.0823125887129988,0.006134744733572006,0.14019368588924408,0.8752224862907292
116,0.0787729589002473,0.006062999367713928,0.14354123175144196,0.8726483327674722
117,0.08362661727837153,0.005314754322171211,0.14179247617721558,0.8769283002561807
118,0.08288119733333588,0.007947556674480438,0.14625415205955505,0.8683848266921819
119,0.08093427228076118,0.005028571467846632,0.14278915524482727,0.8718088006831487
120,0.08078731756125178,0.004018136765807867,0.146208256483078,0.8716585902857084
121,0.08303098912749972,0.007262445520609617,0.140342116355896,0.8686358632468081
122,0.08082432991691998,0.007965662516653538,0.14716799557209015,0.8677140240953939
123,0.08290342880146843,0.008083348162472248,0.14715451002120972,0.8684568453758861
124,0.08218155162675041,0.0046189939603209496,0.14319324493408203,0.8711812092965833
125,0.07824662806732315,0.004657999146729708,0.14273668825626373,0.8724425650997458
126,0.0825535926435675,0.004330081399530172,0.14408572018146515,0.8707100013374899
127,0.08068930144820895,0.004632031079381704,0.14698266983032227,0.8637653425517249
128,0.08119687225137438,0.004620704799890518,0.14820396900177002,0.8640760517299917
129,0.0766515341986503,0.005305768456310034,0.14859545230865479,0.8607734806629834
130,0.0804408895117896,0.004283677786588669,0.14774902164936066,0.8640678210232826
131,0.08074494610939707,0.007608413230627775,0.147972971200943,0.866825107770816
132,0.08102735930255481,0.0065994225442409515,0.14731331169605255,0.864421741411772
133,0.07683582178183965,0.005699643865227699,0.13839679956436157,0.875127833163575
134,0.08481986341731888,0.006147891283035278,0.144606351852417,0.8679239071164748
135,0.08455914046083178,0.006837325170636177,0.14132490754127502,0.8692469932199554
136,0.08139849081635475,0.004839276894927025,0.14074531197547913,0.8787904976491044
137,0.07820907128708703,0.004953728523105383,0.14322112500667572,0.8743418006728603
138,0.07810118342084545,0.004449060186743736,0.1393727958202362,0.875494099612128
139,0.08149507588573865,0.005866259802132845,0.14048150181770325,0.8716750516991265
140,0.08256324646728379,0.0062825437635183334,0.14254872500896454,0.869697624412276
141,0.08475600768412862,0.005710473284125328,0.14048358798027039,0.8744302807699826
142,0.07891052056636129,0.006922311149537563,0.14640392363071442,0.8696256057285718
143,0.08429144908274923,0.004459837451577187,0.14323049783706665,0.8726421597374404
144,0.08336566974009786,0.0045313602313399315,0.1427266001701355,0.8731113100198565
145,0.0801523146884782,0.006525393109768629,0.13973204791545868,0.8779818307149397
146,0.0844667995614665,0.0062224483117461205,0.14535167813301086,0.8667716081772071
147,0.08223322778940201,0.006163655314594507,0.13989192247390747,0.8780250419251623
148,0.08612222809876714,0.005289508029818535,0.14537620544433594,0.8701050443943743
149,0.08140323683619499,0.005736819934099913,0.14355188608169556,0.8749344115559122
150,0.07826819803033556,0.005347782745957375,0.14005957543849945,0.8748315277220491
151,0.08115372806787491,0.006628404371440411,0.141710102558136,0.8726915439776948
152,0.08270549880606788,0.0054976362735033035,0.14240162074565887,0.8735537105054683
153,0.08107198615159307,0.0048379418440163136,0.13932065665721893,0.8740825334115251
154,0.08124281359570366,0.00512905465438962,0.14013871550559998,0.8752389477041472
155,0.0825510493346623,0.011984825134277344,0.1529141366481781,0.870921942035248
156,0.08447506172316414,0.00831171590834856,0.13627716898918152,0.8757142710165952
157,0.08349069793309484,0.006509397178888321,0.15041378140449524,0.8667530890871118
158,0.07604991751057762,0.005544155370444059,0.13918045163154602,0.8677428315688756
159,0.08456184874687876,0.00560532882809639,0.14471155405044556,0.870804654464644
160,0.08388241114360946,0.005506130401045084,0.13671883940696716,0.8683086926551231
161,0.08240510310445513,0.004937559366226196,0.13780908286571503,0.8725145837834501
162,0.08159727549978665,0.005608927458524704,0.1416778266429901,0.8690165334321018
163,0.08297135468040194,0.0060369097627699375,0.14159932732582092,0.8717059168492854
164,0.08276091143488884,0.005136232357472181,0.13967761397361755,0.8706832515406854
165,0.08602149412035942,0.009559527970850468,0.1378684937953949,0.8751422369003159
166,0.0868203624018601,0.009619182907044888,0.14559906721115112,0.8724096422729096
167,0.08474491057651383,0.00684897368773818,0.1392887532711029,0.8763192279597107
168,0.08687778296215194,0.00990315992385149,0.13799425959587097,0.872959041945739
169,0.08717094681092671,0.00746389664709568,0.13711315393447876,0.8710289412224658
170,0.08366299473813602,0.005695915315300226,0.139949232339859,0.8784797884708376
171,0.08355985315782684,0.0045405188575387,0.13691823184490204,0.8799901231519491
172,0.07835854377065386,0.005419901572167873,0.13518959283828735,0.8828852742368591
173,0.08454685126032148,0.004732504487037659,0.1380603015422821,0.8785538648312191
174,0.07682942545839719,0.003612341359257698,0.13531072437763214,0.8822700289103573
175,0.07718549775225776,0.004390467889606953,0.13790853321552277,0.8811033262343488
176,0.08118920826486178,0.006770229432731867,0.13937413692474365,0.8838606129818821
177,0.08088167437485286,0.006833984982222319,0.13575781881809235,0.8757307324300133
178,0.08638554119638034,0.0049521843902766705,0.136696457862854,0.8754652921386462
179,0.07577091482068811,0.004043268039822578,0.13545650243759155,0.8832803481588938
180,0.07830935344099998,0.005277473945170641,0.13417060673236847,0.8804160622241427
181,0.08233523528490748,0.00661260774359107,0.1405971348285675,0.8729281767955801
182,0.07844596515808787,0.007398991845548153,0.14315250515937805,0.8703787153924504
183,0.08319896459579468,0.005495272111147642,0.14115722477436066,0.8752945049744334
184,0.07753493690064975,0.0037114042788743973,0.13945546746253967,0.8770702799469119
185,0.0826254492359502,0.0045707267709076405,0.14376112818717957,0.8761360947354342
186,0.0822415149637631,0.005201115272939205,0.1423157900571823,0.8739817072543391
187,0.08152782544493675,0.003840513527393341,0.13425591588020325,0.8814037470292293
188,0.07785575517586299,0.004684561863541603,0.13655820488929749,0.8776958136568002
189,0.08214954233595304,0.003877938026562333,0.1370004564523697,0.8812926324886571
190,0.07861039202128138,0.004087728913873434,0.13473697006702423,0.8820766073026945
191,0.07685102469154767,0.003946305252611637,0.13722509145736694,0.8794119160056381
192,0.08187210027660642,0.0037890442181378603,0.13411962985992432,0.8850602384847269
193,0.08030661408390317,0.0036708605475723743,0.1355700045824051,0.8853668323096392
194,0.07988329178520612,0.003162957960739732,0.13493230938911438,0.8830889842279083
195,0.07995210055794034,0.0033683874644339085,0.13346782326698303,0.8863380557013076
196,0.07748031137245041,0.003422587877139449,0.13307830691337585,0.887066473245059
197,0.07898099241512162,0.004353601019829512,0.13621975481510162,0.8835581345103244
198,0.08199620459760938,0.004253083374351263,0.1371426284313202,0.8773809891251788
199,0.07797046963657651,0.004900098778307438,0.13636723160743713,0.8807000216056051
200,0.07816099588360105,0.003762465203180909,0.13323873281478882,0.8836178071339651
201,0.07760621048510075,0.0046821944415569305,0.1371205896139145,0.8818523205448728
202,0.0818323977291584,0.005903580691665411,0.13885274529457092,0.8802288136465117
203,0.08194688122187342,0.003993815276771784,0.13501732051372528,0.8843071288208484
204,0.07933118247560092,0.004052280448377132,0.13154473900794983,0.8857598485549966
205,0.08137482457927295,0.004225536249577999,0.13292273879051208,0.8892332067862176
206,0.07553665339946747,0.003659341251477599,0.13322173058986664,0.8860232311696863
207,0.0835994551224368,0.003832821501418948,0.13187873363494873,0.8828132555531549
208,0.08230987404073987,0.006681159604340792,0.12869951128959656,0.8911797689229092
209,0.08022620954683848,0.0037866367492824793,0.1331486701965332,0.8824325853678612
210,0.07868055786405291,0.0036836250219494104,0.13009688258171082,0.888838132864183
211,0.08132301217743329,0.0033443253487348557,0.13247749209403992,0.8881282344105271
212,0.08284577301570348,0.005220241378992796,0.1345764398574829,0.8822309330534893
213,0.07976650446653366,0.0055297366343438625,0.13048100471496582,0.8839017665154274
214,0.07826105052871364,0.007611168082803488,0.13416215777397156,0.8787699208823317
215,0.07842188488159861,0.006248277612030506,0.1326865404844284,0.8847371832463965
216,0.07808696904352733,0.006014609709382057,0.13411395251750946,0.8822679712336801
217,0.08164971534694944,0.0036413404159247875,0.133101224899292,0.8883031369280945
218,0.07582467262234006,0.005099226720631123,0.1321997046470642,0.8914801897177896
219,0.08085180127194949,0.005276780109852552,0.12812358140945435,0.8905706966264391
220,0.08119628578424454,0.005455518141388893,0.1293732225894928,0.8926242579503483
221,0.08243954447763306,0.004198111593723297,0.13279025256633759,0.8891797071926089
222,0.07985371670552663,0.004608080722391605,0.1344314068555832,0.8889718818482052
223,0.08110483203615461,0.004402643535286188,0.13395461440086365,0.8884656933855983
224,0.08107553848198482,0.005835324060171843,0.12825581431388855,0.8936819037624618
225,0.07660498682941709,0.0038125000428408384,0.1313781589269638,0.8901900264411453
226,0.08097477762826852,0.005177648272365332,0.12930752336978912,0.8880911962303363
227,0.07650225050747395,0.006951041053980589,0.129167377948761,0.8944473594864039
228,0.08438029512763023,0.004522088915109634,0.13162583112716675,0.8870047429447411
229,0.08483325796467918,0.009216618724167347,0.13797502219676971,0.8767595707686451
230,0.08021589634673935,0.005666431970894337,0.13122862577438354,0.8833605975493071
231,0.08469978932823453,0.00594253558665514,0.12754015624523163,0.8810107307838719
232,0.08091182900326592,0.004843719303607941,0.13280797004699707,0.8828935049435682
233,0.08038198362503733,0.0036941603757441044,0.129061758518219,0.8855664269473338
234,0.07512900978326797,0.003414567792788148,0.1275191456079483,0.8893402059734354
235,0.08198750391602516,0.005153937730938196,0.13069483637809753,0.8855355617971749
236,0.07776030365909849,0.004451954271644354,0.1351739466190338,0.8734467113182506
237,0.08118445106915065,0.004899733699858189,0.13153612613677979,0.8850314310112452
238,0.07797280166830335,0.00349939102306962,0.13068272173404694,0.8825704497052378
239,0.07950699967997414,0.005194846540689468,0.13548043370246887,0.8812535366317891
240,0.08122228405305318,0.005761226173490286,0.13403365015983582,0.8797329135672912
241,0.07926367542573384,0.0055670724250376225,0.13351798057556152,0.880309063036925
242,0.0810471358043807,0.0040343706496059895,0.13131439685821533,0.8845128964885748
243,0.07719867490231991,0.0035739752929657698,0.12886442244052887,0.8905871580398572
244,0.07877883953707558,0.0031610445585101843,0.1314677596092224,0.8822906056771299
245,0.08153744414448738,0.003704011207446456,0.13261070847511292,0.8865952652859657
246,0.0802418121269771,0.003617567243054509,0.12907817959785461,0.8935995966953713
247,0.0777893199452332,0.005829375237226486,0.13295632600784302,0.8819737234688313
248,0.08099985335554395,0.006754515692591667,0.1285674273967743,0.8911303846826548
249,0.08542501500674657,0.00629036920145154,0.13459259271621704,0.8819181661985452
250,0.08109393875513758,0.005166206043213606,0.12750422954559326,0.8922209533216046
251,0.07880373751478535,0.004677123855799437,0.13566520810127258,0.882337932240707
252,0.08336627057620458,0.005048219580203295,0.13018092513084412,0.8888628249843102
253,0.07904812933078834,0.003942352719604969,0.12785398960113525,0.888424539852053
254,0.07911166708384242,0.003982619382441044,0.130049467086792,0.8840807843863494
255,0.08206140569278172,0.0043328129686415195,0.1295918971300125,0.8863771515581756
256,0.07894657339368548,0.00520715257152915,0.1324944794178009,0.8837618445013735
257,0.07501769491604396,0.003644247306510806,0.13012690842151642,0.8896118192948342
258,0.08102084536637578,0.004325714893639088,0.13067451119422913,0.8899636820066463
259,0.07449228715683733,0.0035793844144791365,0.13366365432739258,0.8802288136465117
260,0.08047764641898018,0.004076316021382809,0.13401170074939728,0.8733397121310329
261,0.08030203091246742,0.0042970143258571625,0.1285443902015686,0.8900068932168689
262,0.07846090676529067,0.003994964063167572,0.13279177248477936,0.8761443254421433
263,0.0771937830639737,0.0034302417188882828,0.13183371722698212,0.8855520232105929
264,0.07909675421459335,0.003166097216308117,0.1353166103363037,0.8800806609257488
265,0.08074196108749934,0.005340414587408304,0.13348284363746643,0.8795827031698509
266,0.08252885565161705,0.005068918224424124,0.13227978348731995,0.8879739086597322
267,0.07883960753679276,0.009102295152842999,0.13520097732543945,0.8783542701935245
268,0.0808543616107532,0.007169561460614204,0.1330583542585373,0.8758171548504583
269,0.08314181332077299,0.0062528206035494804,0.1292387843132019,0.889531569904421
270,0.08149886078068189,0.006732577458024025,0.1339816451072693,0.8857392717882239
271,0.07909975546811308,0.006298827938735485,0.13618509471416473,0.880605368478451
272,0.07675574666687421,0.004261801950633526,0.12785685062408447,0.8841877835735671
273,0.08093045705131122,0.004285321570932865,0.12878601253032684,0.8945276088768171
274,0.08380133498992239,0.00475636450573802,0.12791822850704193,0.890819675504388
275,0.08188046781080109,0.005772345699369907,0.13172376155853271,0.8834655390598475
276,0.07785909356815475,0.003983152564615011,0.13768742978572845,0.8835252116834882
277,0.08233838847705297,0.007333849091082811,0.13066667318344116,0.8863956706482711
278,0.0823870093694755,0.0043239775113761425,0.1297530233860016,0.8843729744745208
279,0.08373901939817838,0.007041506934911013,0.13591483235359192,0.8834717120898793
280,0.08153950795531273,0.004957358352839947,0.12887968122959137,0.8898649135261376
281,0.0802746300718614,0.0063484744168818,0.13108186423778534,0.8843153595275575
282,0.07515504104750496,0.00553591363132,0.12830539047718048,0.8906859265203658
283,0.0784397694681372,0.003759755054488778,0.12892679870128632,0.8941099005113327
284,0.0778735556772777,0.0054942588321864605,0.13204963505268097,0.8872207989958538
285,0.07857860172433513,0.004900682717561722,0.12847578525543213,0.8906488883401751
286,0.08190437193427767,0.004604860674589872,0.1304420381784439,0.8884471742955029
287,0.08005400534187045,0.004885734524577856,0.13338953256607056,0.8859121166291141
288,0.07767555703009878,0.006507310084998608,0.12941086292266846,0.8928464870314927
289,0.08015951035278183,0.004268258344382048,0.1308286190032959,0.8942971490889636
290,0.0788617879152298,0.003456020262092352,0.13128767907619476,0.8898628558494603
291,0.07681074898157801,0.003648738143965602,0.13145408034324646,0.8900542197804459
