epoch,train_loss,train_huber,train_rank,train_full_pairwise_loss,train_pairwise_accuracy,train_pre_step_prediction_mean,train_pre_step_prediction_std,train_pre_step_prediction_min,train_pre_step_prediction_max,validation_loss,validation_huber,validation_rank,validation_pairwise_accuracy,validation_spearman,validation_post_step_prediction_mean,validation_post_step_prediction_std,validation_post_step_prediction_min,validation_post_step_prediction_max,scaler_scale_before,scaler_scale_after,optimizer_state_step_before,optimizer_state_step_after,optimizer_step_skipped,optimizer_step_effective,gradient_norm_before_clip,gradient_norm_after_clip,parameter_delta_norm,learning_rate,trainable_scope,trainable_parameter_count
0,0.483081191778183,0.10394251346588135,nan,0.483081191778183,0.8903301954269409,-1.248859238245359e-08,1.0,-0.5466911792755127,5.756088733673096,0.47672224044799805,0.10937734693288803,0.47672224044799805,0.8988826870918274,0.9410928320832948,0.04836907982826233,1.114495038986206,-0.5396414995193481,5.383940696716309,1.0,1.0,0,0,0,0,nan,nan,0.0,0.005,output_head,33
1,0.483081191778183,-0.0,0.483081191778183,0.483081191778183,0.8903301954269409,-1.248859238245359e-08,1.0,-0.5466911792755127,5.756088733673096,0.47664692997932434,0.10941009968519211,0.47664692997932434,0.8988205790519714,0.9410660822864904,0.04854502156376839,1.115191102027893,-0.5398756265640259,5.387292861938477,1.0,1.0,0,1,0,1,0.004671174101531506,0.004671174101531506,0.024377677589654922,0.005,output_head,33
2,0.4829980134963989,0.0,0.4829980134963989,0.4829980134963989,0.8903131484985352,0.0001543374382890761,1.0006197690963745,-0.5469315648078918,5.759486675262451,0.4765717089176178,0.10944150388240814,0.4765717089176178,0.8987585306167603,0.9410475631963949,0.048857975751161575,1.1158870458602905,-0.539972722530365,5.390782356262207,1.0,1.0,1,2,0,1,0.004668353591114283,0.004668353591114283,0.024373173713684082,0.005,output_head,33
3,0.4829147756099701,0.0,0.4829147756099701,0.4829147756099701,0.8902961611747742,0.000445726967882365,1.0012396574020386,-0.5470349788665771,5.763021945953369,0.47649654746055603,0.10947360098361969,0.47649654746055603,0.8987585306167603,0.9410475631963949,0.04913321137428284,1.1165831089019775,-0.5401075482368469,5.394233703613281,1.0,1.0,2,3,0,1,0.004665535409003496,0.004665535409003496,0.024373391643166542,0.005,output_head,33
4,0.4828316271305084,0.0,0.4828316271305084,0.4828316271305084,0.890293300151825,0.000699362310115248,1.001859426498413,-0.5471760630607605,5.766519069671631,0.47642138600349426,0.10950706899166107,0.47642138600349426,0.8987585306167603,0.9410475631963949,0.04930790513753891,1.117279052734375,-0.5403429269790649,5.397584438323975,1.0,1.0,3,4,0,1,0.004662720020860434,0.004662720020860434,0.0243753083050251,0.005,output_head,33
5,0.48274853825569153,0.0,0.48274853825569153,0.48274853825569153,0.8902961611747742,0.0008524724980816245,1.0024791955947876,-0.5474177002906799,5.769915580749512,0.47634634375572205,0.10953771322965622,0.47634634375572205,0.8987585306167603,0.9410475631963949,0.04976179078221321,1.117974877357483,-0.5402990579605103,5.401214599609375,1.0,1.0,4,5,0,1,0.0046599069610238075,0.0046599069610238075,0.024366626515984535,0.005,output_head,33
6,0.4826655387878418,0.0,0.4826655387878418,0.4826655387878418,0.8902904987335205,0.0012847707839682698,1.003098964691162,-0.5473800897598267,5.7735915184021,0.47627130150794983,0.10956878960132599,0.47627130150794983,0.8986964821815491,0.9410372748130086,0.050208356231451035,1.1186708211898804,-0.5402625203132629,5.404836654663086,1.0,1.0,5,6,0,1,0.004657096695154905,0.004657096695154905,0.024365128949284554,0.005,output_head,33
7,0.4825825095176697,0.0,0.4825825095176697,0.4825825095176697,0.8902961611747742,0.001709751901216805,1.0037187337875366,-0.5473498106002808,5.777259349822998,0.4761962294578552,0.1095992848277092,0.4761962294578552,0.8986964821815491,0.9410372748130086,0.050744228065013885,1.1193666458129883,-0.5401365756988525,5.408548355102539,1.0,1.0,6,7,0,1,0.004654288291931152,0.004654288291931152,0.024361517280340195,0.005,output_head,33
8,0.4824995994567871,0.0,0.4824995994567871,0.4824995994567871,0.8903131484985352,0.0022240402176976204,1.0043385028839111,-0.5472301840782166,5.781016826629639,0.47612130641937256,0.10962942987680435,0.47612130641937256,0.8986964821815491,0.9410372748130086,0.051361169666051865,1.1200624704360962,-0.5399296283721924,5.4123406410217285,1.0,1.0,7,8,0,1,0.0046514831483364105,0.0046514831483364105,0.024358078837394714,0.005,output_head,33
9,0.48241668939590454,0.0,0.48241668939590454,0.48241668939590454,0.8903103470802307,0.0028193951584398746,1.004958152770996,-0.547029435634613,5.784854888916016,0.47444212436676025,0.11034395545721054,0.47444212436676025,0.8986343741416931,0.9410228710762678,0.061033543199300766,1.1352825164794922,-0.5393404960632324,5.49005651473999,1.0,1.0,8,9,0,1,0.007657675072550774,0.007657675072550774,0.6916499733924866,0.005,all,418183
10,0.4805864989757538,0.0,0.4805864989757538,0.4805864989757538,0.8904096484184265,0.011959384195506573,1.0185620784759521,-0.5465953946113586,5.863903045654297,0.4718344509601593,0.11180410534143448,0.4718344509601593,0.898510217666626,0.9407697768449643,0.07570914924144745,1.15927255153656,-0.5389801859855652,5.612888336181641,1.0,1.0,9,10,0,1,0.01669786497950554,0.01669786497950554,0.6424822211265564,0.005,all,418183
11,0.47775569558143616,0.0,0.47775569558143616,0.47775569558143616,0.8903756141662598,0.025786304846405983,1.0400751829147339,-0.5464693903923035,5.989545822143555,0.4677105247974396,0.11517155170440674,0.4677105247974396,0.8987585306167603,0.9411957159171579,0.09802757948637009,1.199040412902832,-0.5401193499565125,5.817108631134033,1.0,1.0,10,11,0,1,0.02979828231036663,0.02979828231036663,0.6985991597175598,0.005,all,418183
12,0.4732646942138672,0.0,0.4732646942138672,0.4732646942138672,0.8904294967651367,0.04668765515089035,1.0754992961883545,-0.5479872822761536,6.197962760925293,0.4615446627140045,0.1225939467549324,0.4615446627140045,0.8991930484771729,0.9418994413407821,0.1330064982175827,1.26197350025177,-0.541885495185852,6.142144203186035,1.0,1.0,11,12,0,1,0.04808095097541809,0.04808095097541809,0.8068156838417053,0.005,all,418183
13,0.46653732657432556,0.0,0.46653732657432556,0.46653732657432556,0.8905174732208252,0.0794762447476387,1.1315078735351562,-0.5503318905830383,6.530666828155518,0.4527986943721771,0.13833650946617126,0.4527986943721771,0.8996896147727966,0.942014671234709,0.1872401386499405,1.3580492734909058,-0.54328453540802,6.642160892486572,1.0,1.0,12,13,0,1,0.07180628925561905,0.07180628925561905,0.952446699142456,0.005,all,418183
14,0.45700711011886597,0.0,0.45700711011886597,0.45700711011886597,0.890321671962738,0.1303919404745102,1.2169222831726074,-0.5525871515274048,7.044724941253662,0.4408915936946869,0.1704685389995575,0.4408915936946869,0.9004344940185547,0.9424118028334207,0.26851871609687805,1.502252459526062,-0.5448916554450989,7.3961687088012695,1.0,1.0,13,14,0,1,0.10036126524209976,0.10036126524209976,1.1245883703231812,0.005,all,418183
15,0.4440992474555969,0.0,0.4440992474555969,0.4440992474555969,0.8899044990539551,0.20671510696411133,1.3450366258621216,-0.555453360080719,7.823006629943848,0.42542558908462524,0.2318185269832611,0.42542558908462524,0.9002482891082764,0.9418644608372686,0.389373779296875,1.715529203414917,-0.5458219051361084,8.525230407714844,1.0,1.0,14,15,0,1,0.13166390359401703,0.13166390359401703,1.3096246719360352,0.005,all,418183
16,0.4275270700454712,0.0,0.4275270700454712,0.4275270700454712,0.889478862285614,0.320209264755249,1.534369945526123,-0.5581936240196228,8.983205795288086,0.40636730194091797,0.34314045310020447,0.40636730194091797,0.9001862406730652,0.9419344218442957,0.5677157640457153,2.0268290042877197,-0.544134259223938,10.259344100952148,1.0,1.0,15,16,0,1,0.16154631972312927,0.16154631972312927,1.48855459690094,0.005,all,418183
17,0.407510906457901,0.0,0.407510906457901,0.407510906457901,0.8892631530761719,0.48780933022499084,1.8107101917266846,-0.5591831207275391,10.695148468017578,0.38419395685195923,0.5309562683105469,0.38419395685195923,0.900062084197998,0.9417554039733737,0.8282349109649658,2.476064920425415,-0.5367060899734497,12.773390769958496,1.0,1.0,16,17,0,1,0.184275820851326,0.184275820851326,1.6446807384490967,0.005,all,418183
18,0.3849788010120392,0.0,0.3849788010120392,0.3849788010120392,0.8890304565429688,0.7329396605491638,2.2095396518707275,-0.55622798204422,13.185699462890625,0.36012959480285645,0.8218690752983093,0.36012959480285645,0.8999999761581421,0.9415949051925471,1.1793540716171265,3.1181156635284424,-0.5462415814399719,16.3525447845459,1.0,1.0,17,18,0,1,0.19389180839061737,0.19389180839061737,1.7262039184570312,0.005,all,418183
19,0.36175140738487244,0.0,0.36175140738487244,0.36175140738487244,0.8884231448173523,1.0620774030685425,2.778996467590332,-0.5704700946807861,16.749631881713867,0.3357653021812439,1.2795004844665527,0.3357653021812439,0.8994413614273071,0.9413150611644392,1.6985344886779785,4.022059440612793,-0.5309321880340576,21.42428207397461,1.0,1.0,18,19,0,1,0.18616847693920135,0.18616847693920135,1.7823714017868042,0.005,all,418183
20,0.33973342180252075,0.0,0.33973342180252075,0.33973342180252075,0.8881875872612,1.5499999523162842,3.5795493125915527,-0.5664337873458862,21.80868911743164,0.31364551186561584,1.9141792058944702,0.31364551186561584,0.8990068435668945,0.940158646871817,2.368096351623535,5.259548664093018,-0.5559892058372498,28.335193634033203,1.0,1.0,19,20,0,1,0.16248224675655365,0.16248224675655365,1.885960340499878,0.005,all,418183
21,0.3219834864139557,0.0,0.3219834864139557,0.3219834864139557,0.8871801495552063,2.1756954193115234,4.674419403076172,-0.5956165194511414,28.70648193359375,0.2965531051158905,3.4577369689941406,0.2965531051158905,0.8983861207962036,0.9403417800960935,3.9987587928771973,6.826962947845459,0.20144259929656982,37.89914321899414,1.0,1.0,20,21,0,1,0.12188856303691864,0.12188856303691864,1.9462718963623047,0.005,all,418183
22,0.31013932824134827,0.0,0.31013932824134827,0.31013932824134827,0.8874724507331848,3.753606081008911,6.061124324798584,0.1441628336906433,38.27750015258789,0.2836768627166748,4.759669303894043,0.2836768627166748,0.8991310000419617,0.9410722553165222,5.300933837890625,8.764408111572266,0.3632563352584839,48.8929557800293,1.0,1.0,21,22,0,1,0.07690206915140152,0.07690206915140152,1.7730576992034912,0.005,all,418183
23,0.30298158526420593,0.0,0.30298158526420593,0.30298158526420593,0.8883833885192871,4.98760461807251,7.7822184562683105,0.31399816274642944,49.2159423828125,0.27725112438201904,5.100311756134033,0.27725112438201904,0.898510217666626,0.9394899019517063,5.621512413024902,10.914947509765625,-0.5334948897361755,59.853187561035156,1.0,1.0,22,23,0,1,0.17167307436466217,0.17167307436466217,1.7430583238601685,0.005,all,418183
24,0.3036864399909973,0.0,0.3036864399909973,0.3036864399909973,0.8867147564888,5.226487636566162,9.69799518585205,-0.6194954514503479,59.87196731567383,0.2762324810028076,6.294926166534424,0.2762324810028076,0.8986343741416931,0.9397224194162371,6.822811603546143,12.891363143920898,-0.5218927264213562,70.70844268798828,1.0,1.0,23,24,0,1,0.053589802235364914,0.053589802235364914,1.6862415075302124,0.005,all,418183
25,0.3073121905326843,0.0,0.3073121905326843,0.3073121905326843,0.8870581388473511,6.352662563323975,11.466145515441895,-0.6286671161651611,70.25299835205078,0.2779436409473419,7.275032043457031,0.2779436409473419,0.8986343741416931,0.940189512021976,7.806309223175049,14.422451972961426,-0.5120949149131775,78.90153503417969,1.0,1.0,24,25,0,1,0.10354544222354889,0.10354544222354889,1.6553534269332886,0.005,all,418183
26,0.31146395206451416,0.0,0.31146395206451416,0.31146395206451416,0.8876058459281921,7.273347854614258,12.844409942626953,-0.6378616690635681,77.84656524658203,0.2799215614795685,7.880727767944336,0.2799215614795685,0.8988205790519714,0.9407368540181281,8.413613319396973,15.273630142211914,-0.5059897899627686,83.18250274658203,1.0,1.0,25,26,0,1,0.14378854632377625,0.14378854632377625,1.6292414665222168,0.005,all,418183
27,0.3132826089859009,0.0,0.3132826089859009,0.3132826089859009,0.8882216811180115,7.838644504547119,13.616974830627441,-0.6458430290222168,81.53658294677734,0.28042739629745483,8.066372871398926,0.28042739629745483,0.898510217666626,0.940790353611737,8.599775314331055,15.40638256072998,-0.5048698782920837,83.39970397949219,1.0,1.0,26,27,0,1,0.16701845824718475,0.16701845824718475,1.5899220705032349,0.005,all,418183
28,0.3114769458770752,0.0,0.3114769458770752,0.3114769458770752,0.8889282941818237,8.006657600402832,13.745514869689941,-0.6543028950691223,81.24810791015625,0.2790273129940033,7.869523525238037,0.2790273129940033,0.8986343741416931,0.9411689661203535,8.402549743652344,14.918442726135254,-0.5121773481369019,80.14055633544922,1.0,1.0,27,28,0,1,0.17212100327014923,0.17212100327014923,1.563313603401184,0.005,all,418183
29,0.30631861090660095,0.0,0.30631861090660095,0.30631861090660095,0.8894050717353821,7.813543319702148,13.314299583435059,-0.6656529307365417,77.63626098632812,0.27628839015960693,7.38429594039917,0.27628839015960693,0.8983240127563477,0.940633970184265,7.91603422164917,13.9873046875,-0.5281673073768616,74.4405288696289,1.0,1.0,28,29,0,1,0.16144295036792755,0.16144295036792755,1.562726616859436,0.005,all,418183
30,0.2991620600223541,0.0,0.2991620600223541,0.2991620600223541,0.8900123834609985,7.349170207977295,12.48226547241211,-0.6800505518913269,71.76087951660156,0.27306899428367615,6.728460311889648,0.27306899428367615,0.8984481692314148,0.9410784283465539,7.257843971252441,12.81423282623291,-0.5506762266159058,67.49171447753906,1.0,1.0,29,30,0,1,0.13869743049144745,0.13869743049144745,1.6029859781265259,0.005,all,418183
31,0.2915278673171997,0.0,0.2915278673171997,0.2915278673171997,0.8906593918800354,6.724258899688721,11.428887367248535,-0.6957734823226929,64.76869201660156,0.2702638804912567,6.009878158569336,0.2702638804912567,0.8988826870918274,0.9417101350864738,6.535758018493652,11.569016456604004,-0.5764707326889038,60.233882904052734,1.0,1.0,30,31,0,1,0.10833220928907394,0.10833220928907394,1.6725184917449951,0.005,all,418183
32,0.284649521112442,0.0,0.284649521112442,0.284649521112442,0.8913660049438477,6.040550708770752,10.310704231262207,-0.7131509184837341,58.23860168457031,0.2684496343135834,5.311877250671387,0.2684496343135834,0.899255096912384,0.9424200335401298,5.83333158493042,10.37393856048584,-0.5992966890335083,53.3731803894043,1.0,1.0,31,32,0,1,0.07405095547437668,0.07405095547437668,1.750234842300415,0.005,all,418183
33,0.2793380916118622,0.0,0.2793380916118622,0.2793380916118622,0.8922628164291382,5.378018379211426,9.240978240966797,-0.726813793182373,52.19221496582031,0.26786181330680847,4.685654163360596,0.26786181330680847,0.8993792533874512,0.9424694177803842,5.20208215713501,9.308194160461426,-0.6188684701919556,47.31861877441406,1.0,1.0,32,33,0,1,0.03970912843942642,0.03970912843942642,1.8069374561309814,0.005,all,418183
34,0.27586621046066284,0.0,0.27586621046066284,0.27586621046066284,0.8932759165763855,4.7829670906066895,8.28773307800293,-0.737327516078949,46.75556182861328,0.2682512402534485,4.1745710372924805,0.2682512402534485,0.8998137712478638,0.9428953568525777,4.686461448669434,8.432157516479492,-0.6367713809013367,42.3692741394043,1.0,1.0,33,34,0,1,0.01548363734036684,0.01548363734036684,1.8042172193527222,0.005,all,418183
35,0.2740309536457062,0.0,0.2740309536457062,0.2740309536457062,0.8940364718437195,4.296903133392334,7.504866123199463,-0.7434784173965454,42.270748138427734,0.26997625827789307,3.823693037033081,0.26997625827789307,0.8982619643211365,0.9420167289113861,4.335142612457275,7.7934370040893555,-0.6467683911323547,38.757537841796875,1.0,1.0,34,35,0,1,0.03254571929574013,0.03254571929574013,1.845015048980713,0.005,all,418183
36,0.2731556296348572,0.0,0.2731556296348572,0.2731556296348572,0.8943202495574951,3.9633100032806396,6.936680316925049,-0.7450928688049316,38.98463821411133,0.26922422647476196,3.6267030239105225,0.26922422647476196,0.8991930484771729,0.9434221220819573,4.136209011077881,7.414909839630127,-0.656067430973053,36.54964065551758,1.0,1.0,35,36,0,1,0.05605930835008621,0.05605930835008621,1.8217496871948242,0.005,all,418183
37,0.2718214690685272,0.0,0.2718214690685272,0.2718214690685272,0.8956426978111267,3.7750587463378906,6.603377819061279,-0.747963011264801,36.9903564453125,0.26771438121795654,3.61440110206604,0.26771438121795654,0.899255096912384,0.9437739847937694,4.126718044281006,7.295169830322266,-0.651393473148346,35.7398796081543,1.0,1.0,36,37,0,1,0.0717436894774437,0.0717436894774437,1.9394395351409912,0.005,all,418183
38,0.2697765827178955,0.0,0.2697765827178955,0.2697765827178955,0.8967494964599609,3.764249801635742,6.50339412689209,-0.7380373477935791,36.29999542236328,0.26524975895881653,3.7690563201904297,0.26524975895881653,0.8995654582977295,0.9444530180972663,4.2866740226745605,7.4137773513793945,-0.6424390077590942,36.17837905883789,1.0,1.0,37,38,0,1,0.07694585621356964,0.07694585621356964,2.020780563354492,0.005,all,418183
39,0.26687926054000854,0.0,0.26687926054000854,0.26687926054000854,0.8976660966873169,3.9119863510131836,6.619837284088135,-0.7241764068603516,36.78997039794922,0.2617694139480591,4.071601390838623,0.2617694139480591,0.9004966020584106,0.9457164315771063,4.594902038574219,7.7458953857421875,-0.6326032876968384,37.707889556884766,1.0,1.0,38,39,0,1,0.07131955772638321,0.07131955772638321,2.0883238315582275,0.005,all,418183
40,0.2634385824203491,0.0,0.2634385824203491,0.2634385824203491,0.8986309766769409,4.199328899383545,6.931176662445068,-0.7130700945854187,38.31049728393555,0.258335679769516,4.535019874572754,0.258335679769516,0.9016759991645813,0.9468872496064693,5.065519332885742,8.255287170410156,-0.6002549529075623,40.1689338684082,1.0,1.0,39,40,0,1,0.05627213045954704,0.05627213045954704,2.135533332824707,0.005,all,418183
