region_id,selection_method,seed_node,node_count,boundary_count,internal_node_count,shortcut_count,label_query_count,reachable_query_count,endpoint_access_query_count,endpoint_access_rate_pct,baseline_avg_expanded,indexed_avg_expanded,indexed_avg_graph_expanded,indexed_avg_access_expanded,avg_workload_gain,total_workload_gain,positive_gain_query_rate_pct,baseline_avg_ms_unpaired,indexed_avg_ms_unpaired,indexed_p95_ms_unpaired,preprocessing_seconds,evaluation_seconds,correctness_rate
6,fixed_random_bfs,12484918850,512,27,485,255,2000,1976,1,0.050000000,10881.926500000,10877.163500000,10876.939500000,0.217000000,4.763000000,9526,2.950000000,8.359524028,27.291214339,130.394207649,2.250600960,56.255694843,1.000000000
13,fixed_random_bfs,1518839603,512,30,482,580,2000,1976,1,0.050000000,10881.926500000,10878.501000000,10878.252000000,0.242000000,3.425500000,6851,1.200000000,8.359524028,28.958207549,138.137819850,2.394760231,59.720188386,1.000000000
23,history_hotspot_bfs,2156098755,512,44,468,483,2000,1976,129,6.450000000,10881.926500000,10823.694000000,10808.323500000,15.363500000,58.232500000,116465,28.100000000,8.359524028,26.557190175,130.906754702,2.058647197,54.642121750,1.000000000
51,history_hotspot_bfs,12456064553,512,55,457,416,2000,1976,94,4.700000000,10881.926500000,10704.884500000,10692.749000000,12.128500000,177.042000000,354084,70.950000000,8.359524028,28.468123597,141.863311452,2.198967143,58.669033517,1.000000000
54,fixed_random_bfs,11406498895,512,40,472,746,2000,1976,1,0.050000000,10881.926500000,10853.205000000,10852.959000000,0.239000000,28.721500000,57443,9.350000000,8.359524028,23.466695624,112.256886152,1.968974885,48.296649175,1.000000000
61,fixed_random_bfs,4753112735,512,17,495,272,2000,1976,0,0.000000000,10881.926500000,10880.932500000,10880.925500000,0.000000000,0.994000000,1988,0.550000000,8.359524028,26.304849113,126.895170800,2.151327992,54.189367791,1.000000000
65,spatial_uniform_bfs,1263990280,512,35,477,1027,2000,1976,2,0.100000000,10881.926500000,10878.249000000,10877.738500000,0.503500000,3.677500000,7355,1.800000000,8.359524028,28.039529117,132.646833853,2.229650550,57.765602765,1.000000000
88,fixed_random_bfs,7856254144,512,27,485,219,2000,1976,3,0.150000000,10881.926500000,10840.594000000,10840.151000000,0.436000000,41.332500000,82665,14.600000000,8.359524028,26.084981435,128.026807453,2.051001664,53.741438059,1.000000000
93,fixed_random_bfs,283317561,512,23,489,382,2000,1976,1,0.050000000,10881.926500000,10859.271000000,10859.016500000,0.247500000,22.655500000,45311,9.000000000,8.359524028,27.236031080,131.505948150,2.152300814,56.107431769,1.000000000
96,fixed_random_bfs,2264487487,512,28,484,603,2000,1976,1,0.050000000,10881.926500000,10852.638500000,10852.379500000,0.252000000,29.288000000,58576,6.650000000,8.359524028,24.756688000,118.816383448,2.206891007,50.949887732,1.000000000
114,history_hotspot_bfs,5494272217,512,32,480,281,2000,1976,142,7.100000000,10881.926500000,10716.615500000,10690.050500000,26.558000000,165.311000000,330622,62.400000000,8.359524028,25.709407515,124.718888851,2.187537084,52.944704505,1.000000000
130,fixed_random_bfs,343634630,512,37,475,497,2000,1976,76,3.800000000,10881.926500000,10778.119000000,10760.860000000,17.252000000,103.807500000,207615,46.900000000,8.359524028,25.856885162,124.425475552,2.103988517,53.256685561,1.000000000
135,fixed_random_bfs,4421109825,512,21,491,362,2000,1976,0,0.000000000,10881.926500000,10847.419500000,10847.412500000,0.000000000,34.507000000,69014,12.400000000,8.359524028,27.792023537,135.916434402,2.333387679,57.283995745,1.000000000
142,fixed_random_bfs,1551005126,512,23,489,463,2000,1976,2,0.100000000,10881.926500000,10865.633000000,10865.119000000,0.507000000,16.293500000,32587,5.500000000,8.359524028,27.088340153,131.182603750,2.157975320,55.837788712,1.000000000
146,fixed_random_bfs,9038898395,512,51,461,400,2000,1976,129,6.450000000,10881.926500000,10752.363500000,10736.937000000,15.419500000,129.563000000,259126,47.450000000,8.359524028,23.804998658,115.055749900,2.113497098,48.921570322,1.000000000
161,fixed_random_bfs,12469475530,512,33,479,160,2000,1976,0,0.000000000,10881.926500000,10872.772500000,10872.765500000,0.000000000,9.154000000,18308,5.350000000,8.359524028,24.709194786,117.745655053,2.300684689,50.858465143,1.000000000
163,fixed_random_bfs,263571647,512,33,479,591,2000,1976,1,0.050000000,10881.926500000,10878.450500000,10878.275000000,0.168500000,3.476000000,6952,1.950000000,8.359524028,26.330258185,127.993196850,1.079628658,54.193462978,1.000000000
178,history_hotspot_bfs,5849847823,512,28,484,254,2000,1976,270,13.500000000,10881.926500000,10775.766500000,10733.704000000,42.055500000,106.160000000,212320,52.900000000,8.359524028,27.679089068,137.516818001,1.211312134,56.802810911,1.000000000
186,history_hotspot_bfs,3387597051,512,32,480,260,2000,1976,330,16.500000000,10881.926500000,10740.624000000,10693.899000000,46.718000000,141.302500000,282605,58.150000000,8.359524028,26.337159889,128.128829150,0.942472680,53.997036313,1.000000000
189,fixed_random_bfs,5342861433,512,29,483,246,2000,1976,8,0.400000000,10881.926500000,10842.499000000,10841.219500000,1.272500000,39.427500000,78855,13.450000000,8.359524028,25.495638765,124.404784548,1.198901810,52.402626411,1.000000000
191,fixed_random_bfs,445028130,512,21,491,191,2000,1976,0,0.000000000,10881.926500000,10829.207000000,10829.200000000,0.000000000,52.719500000,105439,14.450000000,8.359524028,25.096109406,124.406599551,1.095187220,51.608110987,1.000000000
198,fixed_random_bfs,1235226279,512,14,498,123,2000,1976,1,0.050000000,10881.926500000,10877.178000000,10876.926500000,0.244500000,4.748500000,9497,1.550000000,8.359524028,28.842096954,138.939085001,1.085319747,59.444911455,1.000000000
206,fixed_random_bfs,12607378904,512,30,482,584,2000,1976,1,0.050000000,10881.926500000,10872.824000000,10872.567500000,0.249500000,9.102500000,18205,3.200000000,8.359524028,27.776365136,134.916080900,0.883434711,57.182889299,1.000000000
209,history_hotspot_bfs,4751660531,512,31,481,346,2000,1976,175,8.750000000,10881.926500000,10789.438000000,10750.090000000,39.341000000,92.488500000,184977,44.500000000,8.359524028,26.109444079,129.220647750,1.089582809,53.565793007,1.000000000
224,fixed_random_bfs,3170890749,512,28,484,374,2000,1976,0,0.000000000,10881.926500000,10862.601000000,10862.594000000,0.000000000,19.325500000,38651,5.950000000,8.359524028,27.558281294,131.882021998,1.070645075,56.760486211,1.000000000
228,history_hotspot_bfs,10893691664,512,29,483,428,2000,1976,63,3.150000000,10881.926500000,10829.443000000,10815.552000000,13.884000000,52.483500000,104967,19.850000000,8.359524028,29.838447164,143.359730351,1.208879095,61.424496159,1.000000000
234,fixed_random_bfs,411029266,512,43,469,473,2000,1976,26,1.300000000,10881.926500000,10792.654000000,10789.620000000,3.027000000,89.272500000,178545,46.850000000,8.359524028,28.225588945,137.457489800,1.069946610,58.105081948,1.000000000
255,fixed_random_bfs,12488699245,512,33,479,101,2000,1976,1,0.050000000,10881.926500000,10875.727000000,10875.614000000,0.106000000,6.199500000,12399,5.350000000,8.359524028,29.887326819,142.503085201,1.164860327,61.592873976,1.000000000
283,history_hotspot_bfs,2352569141,512,44,468,390,2000,1976,177,8.850000000,10881.926500000,10706.402000000,10676.235500000,30.159500000,175.524500000,351049,64.200000000,8.359524028,29.067448517,141.222473498,0.961233836,59.744085798,1.000000000
285,fixed_random_bfs,12763312047,512,18,494,126,2000,1976,0,0.000000000,10881.926500000,10876.055500000,10876.048500000,0.000000000,5.871000000,11742,2.500000000,8.359524028,27.851379419,132.880693298,1.071385795,57.334861659,1.000000000
292,history_hotspot_bfs,3457190272,512,18,494,99,2000,1976,303,15.150000000,10881.926500000,10734.150500000,10686.531000000,47.612500000,147.776000000,295552,57.050000000,8.359524028,29.222437056,144.258523349,0.991888629,60.002271386,1.000000000
313,fixed_random_bfs,5585575940,512,23,489,194,2000,1976,1,0.050000000,10881.926500000,10856.636500000,10856.398500000,0.231000000,25.290000000,50580,7.800000000,8.359524028,27.690050976,131.980655399,0.930070912,56.992771825,1.000000000
318,fixed_random_bfs,6412501106,512,33,479,328,2000,1976,35,1.750000000,10881.926500000,10770.564000000,10763.150500000,7.406500000,111.362500000,222725,42.700000000,8.359524028,27.091483057,135.755335800,1.085806023,55.766317456,1.000000000
323,fixed_random_bfs,1322651089,512,26,486,426,2000,1976,3,0.150000000,10881.926500000,10862.407000000,10861.671000000,0.729000000,19.519500000,39039,5.950000000,8.359524028,23.878650311,112.724381649,1.217837379,49.051947210,1.000000000
326,fixed_random_bfs,1132441774,512,26,486,316,2000,1976,1,0.050000000,10881.926500000,10849.260500000,10849.037500000,0.216000000,32.666000000,65332,12.500000000,8.359524028,29.744468616,141.967349350,1.520635015,61.293075077,1.000000000
327,history_hotspot_bfs,12458783069,512,40,472,320,2000,1976,402,20.100000000,10881.926500000,10729.885000000,10659.479000000,70.399000000,152.041500000,304083,61.700000000,8.359524028,25.166354413,124.837156498,1.498587353,51.485798706,1.000000000
333,fixed_random_bfs,2069959804,512,46,466,400,2000,1976,13,0.650000000,10881.926500000,10830.544500000,10828.304500000,2.233000000,51.382000000,102764,21.550000000,8.359524028,26.289892552,130.630441251,1.634059643,54.074600617,1.000000000
334,fixed_random_bfs,138194386,512,48,464,534,2000,1976,99,4.950000000,10881.926500000,10741.674500000,10728.025000000,13.642500000,140.252000000,280504,56.600000000,8.359524028,29.812159981,144.128807001,1.403870462,61.371044137,1.000000000
350,fixed_random_bfs,2249891220,512,23,489,382,2000,1976,0,0.000000000,10881.926500000,10878.168000000,10878.161000000,0.000000000,3.758500000,7517,1.550000000,8.359524028,29.430051238,150.798288201,1.156706735,60.656964092,1.000000000
365,fixed_random_bfs,11231050475,512,36,476,349,2000,1976,84,4.200000000,10881.926500000,10754.112000000,10746.924500000,7.180500000,127.814500000,255629,48.250000000,8.359524028,27.601486450,132.651085502,1.423618119,56.787619687,1.000000000
393,fixed_random_bfs,1328041456,512,32,480,479,2000,1976,0,0.000000000,10881.926500000,10858.774500000,10858.767500000,0.000000000,23.152000000,46304,6.100000000,8.359524028,28.992696914,147.691823850,1.667545286,59.671983940,1.000000000
407,fixed_random_bfs,1549671659,512,33,479,789,2000,1976,2,0.100000000,10881.926500000,10876.428000000,10875.950000000,0.471000000,5.498500000,10997,1.750000000,8.359524028,27.634300947,139.105381448,1.532289512,56.885599518,1.000000000
429,fixed_random_bfs,1874361203,512,21,491,64,2000,1976,2,0.100000000,10881.926500000,10861.980500000,10861.626500000,0.347000000,19.946000000,39892,5.800000000,8.359524028,28.157553744,134.711476347,1.407056490,57.982797360,1.000000000
432,fixed_random_bfs,4492974926,512,25,487,442,2000,1976,0,0.000000000,10881.926500000,10849.655000000,10849.648000000,0.000000000,32.271500000,64543,11.500000000,8.359524028,24.781164460,118.534641000,1.327462466,50.916842128,1.000000000
435,history_hotspot_bfs,3694908966,512,48,464,447,2000,1976,150,7.500000000,10881.926500000,10712.439500000,10689.189500000,23.243000000,169.487000000,338974,67.600000000,8.359524028,27.541679413,132.755770499,1.783027532,56.653520886,1.000000000
440,history_hotspot_bfs,4468847635,512,38,474,938,2000,1976,50,2.500000000,10881.926500000,10796.752500000,10784.806000000,11.939500000,85.174000000,170348,28.350000000,8.359524028,28.193382353,137.110489601,1.710984619,58.000788316,1.000000000
447,fixed_random_bfs,1866964756,512,47,465,1109,2000,1976,2,0.100000000,10881.926500000,10852.152000000,10851.706000000,0.439000000,29.774500000,59549,10.600000000,8.359524028,28.827584270,142.837734599,1.644972164,59.371207064,1.000000000
449,spatial_uniform_bfs,1300651831,512,41,471,1233,2000,1976,0,0.000000000,10881.926500000,10877.502500000,10877.495500000,0.000000000,4.424000000,8848,1.850000000,8.359524028,29.174473618,142.888065602,1.458801770,60.071044181,1.000000000
451,fixed_random_bfs,1398201412,512,20,492,48,2000,1976,0,0.000000000,10881.926500000,10858.864000000,10858.857000000,0.000000000,23.062500000,46125,6.100000000,8.359524028,29.797022309,147.760495349,0.855588858,61.343993814,1.000000000
457,fixed_random_bfs,422548097,512,40,472,121,2000,1976,7,0.350000000,10881.926500000,10801.960000000,10801.402000000,0.551000000,79.966500000,159933,40.150000000,8.359524028,27.013896498,129.471574751,1.199786217,55.584379143,1.000000000
466,spatial_uniform_bfs,1327631607,512,36,476,1023,2000,1976,0,0.000000000,10881.926500000,10877.450000000,10877.443000000,0.000000000,4.476500000,8953,1.650000000,8.359524028,27.345283051,135.094319898,1.170815180,56.295019119,1.000000000
469,fixed_random_bfs,1324735565,512,34,478,944,2000,1976,0,0.000000000,10881.926500000,10881.170500000,10881.163500000,0.000000000,0.756000000,1512,0.800000000,8.359524028,28.115435804,137.650222600,0.946462617,57.880029991,1.000000000
476,fixed_random_bfs,1561603666,512,36,476,628,2000,1976,42,2.100000000,10881.926500000,10816.409000000,10807.402500000,8.999500000,65.517500000,131035,30.900000000,8.359524028,27.472372928,129.972420598,1.204984951,56.532965775,1.000000000
501,fixed_random_bfs,62890972,512,38,474,618,2000,1976,0,0.000000000,10881.926500000,10855.608000000,10855.601000000,0.000000000,26.318500000,52637,8.450000000,8.359524028,27.268335325,130.175030749,0.879649356,56.125198468,1.000000000
505,fixed_random_bfs,13012333814,512,30,482,260,2000,1976,4,0.200000000,10881.926500000,10843.421000000,10842.604000000,0.810000000,38.505500000,77011,18.100000000,8.359524028,28.474424297,136.592113448,1.132210452,58.620833786,1.000000000
514,history_hotspot_bfs,2414401910,512,53,459,319,2000,1976,323,16.150000000,10881.926500000,10721.336500000,10692.944000000,28.385500000,160.590000000,321180,69.400000000,8.359524028,31.093117558,150.745787800,1.256946397,63.813524072,1.000000000
538,history_hotspot_bfs,12455973455,512,54,458,1215,2000,1976,123,6.150000000,10881.926500000,10759.305500000,10732.608000000,26.690500000,122.621000000,245242,56.150000000,8.359524028,26.837657423,128.812739050,1.122914497,55.161070581,1.000000000
539,fixed_random_bfs,1586188069,512,41,471,1164,2000,1976,4,0.200000000,10881.926500000,10872.904000000,10871.900000000,0.997000000,9.022500000,18045,3.000000000,8.359524028,31.683179377,149.983849999,0.914249812,65.315559816,1.000000000
541,fixed_random_bfs,5291836415,512,32,480,270,2000,1976,65,3.250000000,10881.926500000,10767.569000000,10753.600500000,13.961500000,114.357500000,228715,49.350000000,8.359524028,28.990510700,139.983476402,1.129875153,59.642733543,1.000000000
542,fixed_random_bfs,4464130481,512,44,468,436,2000,1976,54,2.700000000,10881.926500000,10782.795500000,10773.713500000,9.075000000,99.131000000,198262,36.550000000,8.359524028,27.833475430,140.144912301,1.210412115,57.254748272,1.000000000
546,fixed_random_bfs,8445784733,512,27,485,169,2000,1976,3,0.150000000,10881.926500000,10848.166500000,10847.534000000,0.625500000,33.760000000,67520,12.900000000,8.359524028,27.907751462,134.157403999,1.077863511,57.441061657,1.000000000
548,fixed_random_bfs,4501342485,512,24,488,552,2000,1976,0,0.000000000,10881.926500000,10860.265500000,10860.258500000,0.000000000,21.661000000,43322,10.050000000,8.359524028,30.420988043,149.882682147,0.873340864,62.665506611,1.000000000
552,fixed_random_bfs,1190291603,512,18,494,139,2000,1976,5,0.250000000,10881.926500000,10855.840000000,10855.124500000,0.708500000,26.086500000,52173,7.000000000,8.359524028,29.001766886,138.651050149,1.097121793,59.681685858,1.000000000
563,history_hotspot_bfs,10914702361,512,35,477,279,2000,1976,277,13.850000000,10881.926500000,10702.902500000,10656.658000000,46.237500000,179.024000000,358048,64.600000000,8.359524028,27.472093988,128.108927050,1.184605867,56.361110202,1.000000000
569,fixed_random_bfs,4718388084,512,39,473,587,2000,1976,39,1.950000000,10881.926500000,10785.575500000,10780.140500000,5.428000000,96.351000000,192702,34.400000000,8.359524028,27.315435944,133.059125100,1.439278301,56.242219957,1.000000000
592,fixed_random_bfs,2880479516,512,30,482,275,2000,1976,10,0.500000000,10881.926500000,10825.168500000,10823.904000000,1.257500000,56.758000000,113516,19.200000000,8.359524028,26.939972328,132.111907803,1.272218740,55.444420587,1.000000000
600,history_hotspot_bfs,10914247485,512,42,470,719,2000,1976,115,5.750000000,10881.926500000,10743.471500000,10717.095000000,26.369500000,138.455000000,276910,59.550000000,8.359524028,23.382894310,113.829010648,1.136340059,47.985671597,1.000000000
601,fixed_random_bfs,1193621333,512,26,486,531,2000,1976,0,0.000000000,10881.926500000,10865.918000000,10865.911000000,0.000000000,16.008500000,32017,5.500000000,8.359524028,27.613623633,136.085844351,1.441327408,56.854823388,1.000000000
644,fixed_random_bfs,430491226,512,38,474,908,2000,1976,5,0.250000000,10881.926500000,10840.762000000,10839.581500000,1.173500000,41.164500000,82329,14.250000000,8.359524028,27.560729170,133.911393250,1.500481963,56.729310148,1.000000000
646,fixed_random_bfs,429998776,512,31,481,470,2000,1976,2,0.100000000,10881.926500000,10850.450500000,10850.200500000,0.243000000,31.476000000,62952,11.450000000,8.359524028,27.690029981,135.186494699,1.478653455,57.000958701,1.000000000
664,fixed_random_bfs,1300669581,512,20,492,343,2000,1976,1,0.050000000,10881.926500000,10880.082500000,10879.821000000,0.254500000,1.844000000,3688,0.550000000,8.359524028,25.993605819,125.036034101,1.238514698,53.471354104,1.000000000
689,fixed_random_bfs,4838731496,512,23,489,388,2000,1976,0,0.000000000,10881.926500000,10871.774500000,10871.767500000,0.000000000,10.152000000,20304,4.700000000,8.359524028,31.559063635,152.318857848,1.252677531,65.009780236,1.000000000
696,history_hotspot_bfs,2225262331,512,34,478,329,2000,1976,96,4.800000000,10881.926500000,10835.114500000,10816.865500000,18.242000000,46.812000000,93624,23.700000000,8.359524028,28.078564613,138.411849953,1.200137222,57.714968282,1.000000000
704,spatial_uniform_bfs,1145564617,512,28,484,471,2000,1976,1,0.050000000,10881.926500000,10875.226500000,10874.972000000,0.247500000,6.700000000,13400,2.900000000,8.359524028,22.962244414,110.360588100,1.209690659,47.167077343,1.000000000
727,fixed_random_bfs,1199517281,512,27,485,426,2000,1976,0,0.000000000,10881.926500000,10880.310000000,10880.303000000,0.000000000,1.616500000,3233,0.400000000,8.359524028,32.608165270,156.957772649,1.573289707,67.223640658,1.000000000
735,fixed_random_bfs,4391191769,512,44,468,1015,2000,1976,0,0.000000000,10881.926500000,10862.772500000,10862.765500000,0.000000000,19.154000000,38308,5.800000000,8.359524028,30.900696485,147.188415049,1.547589732,63.653623264,1.000000000
740,history_hotspot_bfs,12610270513,512,47,465,421,2000,1976,148,7.400000000,10881.926500000,10713.093500000,10695.322500000,17.764000000,168.833000000,337666,68.150000000,8.359524028,25.741648588,127.104535750,1.569059645,52.842495439,1.000000000
741,fixed_random_bfs,1548073771,512,24,488,274,2000,1976,13,0.650000000,10881.926500000,10843.933000000,10840.821000000,3.105000000,37.993500000,75987,13.800000000,8.359524028,32.562314552,156.681740948,1.590366181,67.128718245,1.000000000
747,history_hotspot_bfs,429205569,512,33,479,416,2000,1976,97,4.850000000,10881.926500000,10837.327000000,10817.720500000,19.599500000,44.599500000,89199,22.400000000,8.359524028,24.086665867,119.090374651,1.516525593,49.402804038,1.000000000
758,history_hotspot_bfs,2245786974,512,38,474,229,2000,1976,435,21.750000000,10881.926500000,10715.263000000,10656.081500000,59.174500000,166.663500000,333327,66.450000000,8.359524028,26.641815344,131.672578400,1.544024023,54.485634394,1.000000000
775,fixed_random_bfs,705402277,512,31,481,288,2000,1976,2,0.100000000,10881.926500000,10860.104500000,10859.722000000,0.375500000,21.822000000,43644,6.900000000,8.359524028,25.716345090,128.670265701,0.846019663,52.906938188,1.000000000
777,fixed_random_bfs,4761603005,512,35,477,525,2000,1976,1,0.050000000,10881.926500000,10853.612000000,10853.387000000,0.218000000,28.314500000,56629,10.300000000,8.359524028,27.494042452,132.711807200,1.128628540,56.573315450,1.000000000
778,fixed_random_bfs,5284452758,512,37,475,248,2000,1976,119,5.950000000,10881.926500000,10733.819000000,10717.953500000,15.858500000,148.107500000,296215,52.150000000,8.359524028,27.546426235,131.147085349,1.210327066,56.654616795,1.000000000
781,fixed_random_bfs,1316576228,512,29,483,604,2000,1976,4,0.200000000,10881.926500000,10858.953000000,10857.947000000,0.999000000,22.973500000,45947,8.400000000,8.359524028,27.640774789,132.570541551,1.114997074,56.897019962,1.000000000
788,history_hotspot_bfs,12111398076,512,34,478,241,2000,1976,148,7.400000000,10881.926500000,10694.254500000,10673.212500000,21.035000000,187.672000000,375344,67.850000000,8.359524028,24.959979038,118.086280348,1.055119307,51.297359024,1.000000000
810,fixed_random_bfs,1222473654,512,21,491,381,2000,1976,2,0.100000000,10881.926500000,10863.429500000,10862.910500000,0.512000000,18.497000000,36994,8.150000000,8.359524028,29.424290837,139.380455400,1.136572686,60.597280352,1.000000000
817,history_hotspot_bfs,4505215363,512,35,477,443,2000,1976,42,2.100000000,10881.926500000,10739.230000000,10732.427000000,6.796000000,142.696500000,285393,51.400000000,8.359524028,27.742032281,135.906439899,1.128992905,57.068172342,1.000000000
821,history_hotspot_bfs,9134232264,512,30,482,188,2000,1976,3,0.150000000,10881.926500000,10842.200000000,10841.830000000,0.363000000,39.726500000,79453,13.700000000,8.359524028,28.463593108,136.884120147,1.115500731,58.604875483,1.000000000
859,fixed_random_bfs,25532144,512,42,470,162,2000,1976,4,0.200000000,10881.926500000,10831.991000000,10831.482000000,0.502000000,49.935500000,99871,35.550000000,8.359524028,28.097746899,134.920367950,1.309906224,57.869137161,1.000000000
864,history_hotspot_bfs,2206192839,512,28,484,428,2000,1976,62,3.100000000,10881.926500000,10754.785500000,10743.336500000,11.442000000,127.141000000,254282,47.850000000,8.359524028,29.693189011,144.819155900,1.139953086,61.106280772,1.000000000
865,fixed_random_bfs,13370027491,512,22,490,222,2000,1976,0,0.000000000,10881.926500000,10873.673000000,10873.666000000,0.000000000,8.253500000,16507,2.450000000,8.359524028,28.178142775,136.471674850,1.130718674,58.005229650,1.000000000
877,fixed_random_bfs,1163403131,512,34,478,743,2000,1976,1,0.050000000,10881.926500000,10873.527500000,10873.275500000,0.245000000,8.399000000,16798,3.350000000,8.359524028,28.321250508,140.371818801,1.171094231,58.273020671,1.000000000
890,fixed_random_bfs,430262130,512,19,493,274,2000,1976,6,0.300000000,10881.926500000,10838.069000000,10836.550500000,1.511500000,43.857500000,87715,13.950000000,8.359524028,29.010600771,143.149231803,1.142209633,59.711246371,1.000000000
919,fixed_random_bfs,454550131,512,27,485,351,2000,1976,4,0.200000000,10881.926500000,10842.154500000,10841.172500000,0.975000000,39.772000000,79544,14.100000000,8.359524028,27.809024785,133.997143702,1.155574597,57.215164955,1.000000000
928,history_hotspot_bfs,480328314,512,29,483,451,2000,1976,24,1.200000000,10881.926500000,10800.165500000,10794.731500000,5.427000000,81.761000000,163522,24.000000000,8.359524028,30.068898952,146.520260447,1.199819893,61.913883744,1.000000000
929,fixed_random_bfs,534478825,512,36,476,423,2000,1976,79,3.950000000,10881.926500000,10772.220500000,10755.720000000,16.493500000,109.706000000,219412,43.000000000,8.359524028,29.695522739,145.927729152,1.292107048,61.104929365,1.000000000
939,fixed_random_bfs,129548931,512,51,461,681,2000,1976,107,5.350000000,10881.926500000,10750.209000000,10731.672000000,18.530000000,131.717500000,263435,57.600000000,8.359524028,24.183118231,116.257651398,1.124533431,49.630382344,1.000000000
940,fixed_random_bfs,1324733180,512,31,481,786,2000,1976,1,0.050000000,10881.926500000,10881.285500000,10881.024000000,0.254500000,0.641000000,1282,1.100000000,8.359524028,27.603146979,135.288488647,1.458546742,56.806752166,1.000000000
946,spatial_uniform_bfs,1148143437,512,32,480,844,2000,1976,0,0.000000000,10881.926500000,10869.751500000,10869.744500000,0.000000000,12.175000000,24350,5.850000000,8.359524028,30.053434176,143.789844552,1.149382505,61.899596458,1.000000000
958,spatial_uniform_bfs,4838615905,512,33,479,874,2000,1976,1,0.050000000,10881.926500000,10872.522000000,10872.261000000,0.254000000,9.404500000,18809,4.050000000,8.359524028,27.569321274,130.180096151,1.293214616,56.742921753,1.000000000
1010,fixed_random_bfs,12459075394,512,40,472,439,2000,1976,0,0.000000000,10881.926500000,10848.750500000,10848.743500000,0.000000000,33.176000000,66352,11.800000000,8.359524028,27.785687442,135.336597052,1.470106171,57.205423099,1.000000000
1022,history_hotspot_bfs,4452315730,512,26,486,251,2000,1976,47,2.350000000,10881.926500000,10774.849500000,10767.602500000,7.240000000,107.077000000,214154,37.200000000,8.359524028,28.274450936,138.442331400,1.168144657,58.122030348,1.000000000
1025,fixed_random_bfs,4183597895,512,29,483,372,2000,1976,10,0.500000000,10881.926500000,10801.722000000,10799.355500000,2.359500000,80.204500000,160409,29.200000000,8.359524028,25.164150197,114.669212452,1.591886835,51.704271960,1.000000000
1034,fixed_random_bfs,1731168971,512,46,466,791,2000,1976,11,0.550000000,10881.926500000,10812.803500000,10811.046000000,1.750500000,69.123000000,138246,22.750000000,8.359524028,25.438683601,122.681070002,1.212773994,52.250602895,1.000000000
1039,history_hotspot_bfs,9118885990,512,38,474,822,2000,1976,46,2.300000000,10881.926500000,10808.459500000,10797.246000000,11.206500000,73.467000000,146934,33.450000000,8.359524028,28.173199169,135.520701051,1.519318504,57.972676022,1.000000000
1043,fixed_random_bfs,11231050474,512,40,472,330,2000,1976,107,5.350000000,10881.926500000,10756.891500000,10746.703500000,10.181000000,125.035000000,250070,47.700000000,8.359524028,27.126632791,134.586175049,1.578228406,55.745369671,1.000000000
1083,fixed_random_bfs,4607650176,512,41,471,469,2000,1976,4,0.200000000,10881.926500000,10845.063500000,10844.449500000,0.607000000,36.863000000,73726,12.550000000,8.359524028,30.294576007,147.633695248,1.512180644,62.391015871,1.000000000
1093,fixed_random_bfs,1788785652,512,28,484,227,2000,1976,167,8.350000000,10881.926500000,10730.103500000,10695.893500000,34.203000000,151.823000000,303646,64.250000000,8.359524028,30.445131905,144.896459649,1.524891585,62.625585008,1.000000000
1098,fixed_random_bfs,1214153197,512,19,493,42,2000,1976,1,0.050000000,10881.926500000,10874.567000000,10874.434000000,0.126000000,7.359500000,14719,9.600000000,8.359524028,26.523910003,132.350253449,1.091148610,54.514782904,1.000000000
1099,history_hotspot_bfs,1731170416,512,43,469,793,2000,1976,66,3.300000000,10881.926500000,10809.802500000,10798.525500000,11.270000000,72.124000000,144248,26.900000000,8.359524028,28.357748668,138.545475900,1.570395337,58.295047435,1.000000000
1103,history_hotspot_bfs,1788787081,512,33,479,228,2000,1976,106,5.300000000,10881.926500000,10704.646500000,10688.978500000,15.661000000,177.280000000,354560,67.000000000,8.359524028,27.718753016,129.072301148,1.468116534,57.005436020,1.000000000
1116,fixed_random_bfs,8364445833,512,44,468,1013,2000,1976,55,2.750000000,10881.926500000,10781.348500000,10769.518000000,11.823500000,100.578000000,201156,34.050000000,8.359524028,26.275500416,125.086336100,1.514884389,54.003809370,1.000000000
1130,history_hotspot_bfs,4751793167,512,50,462,589,2000,1976,117,5.850000000,10881.926500000,10746.144000000,10726.433500000,19.703500000,135.782500000,271565,59.000000000,8.359524028,23.181033567,114.797044850,0.926801775,47.551143150,1.000000000
1133,fixed_random_bfs,2611061256,512,38,474,772,2000,1976,1,0.050000000,10881.926500000,10858.088000000,10857.847000000,0.234000000,23.838500000,47677,8.450000000,8.359524028,22.823087738,107.518394801,1.067193890,46.884521548,1.000000000
1140,history_hotspot_bfs,7183974779,512,48,464,518,2000,1976,100,5.000000000,10881.926500000,10729.325500000,10714.816500000,14.502000000,152.601000000,305202,64.850000000,8.359524028,22.379155554,107.325584600,1.127565603,45.935287397,1.000000000
1149,fixed_random_bfs,1198829487,512,23,489,328,2000,1976,3,0.150000000,10881.926500000,10867.069500000,10866.317000000,0.745500000,14.857000000,29714,5.750000000,8.359524028,22.081392025,107.659634748,0.976527131,45.349439968,1.000000000
1161,history_hotspot_bfs,12456240967,512,35,477,204,2000,1976,456,22.800000000,10881.926500000,10718.072500000,10651.401000000,66.664500000,163.854000000,327708,65.500000000,8.359524028,21.880527682,104.354055450,1.110204133,44.705125738,1.000000000
1182,fixed_random_bfs,3170027311,512,26,486,555,2000,1976,2,0.100000000,10881.926500000,10856.860000000,10856.351000000,0.502000000,25.066500000,50133,10.650000000,8.359524028,21.569138973,104.748621951,1.223152298,44.273715032,1.000000000
1195,fixed_random_bfs,4394134971,512,33,479,381,2000,1976,5,0.250000000,10881.926500000,10850.926000000,10850.202500000,0.716500000,31.000500000,62001,13.600000000,8.359524028,22.141915410,103.107647851,1.141860820,45.474068803,1.000000000
1197,history_hotspot_bfs,1438444025,512,36,476,403,2000,1976,169,8.450000000,10881.926500000,10729.307000000,10696.943000000,32.357000000,152.619500000,305239,59.200000000,8.359524028,20.313158930,100.226437400,0.924679465,41.610146583,1.000000000
