region_id,selection_method,split,label,prediction
0,fixed_random_bfs,validation,4.088500023,3.436682867
1,fixed_random_bfs,train,21.603000641,22.801864203
2,fixed_random_bfs,train,60.644001007,59.922258941
3,fixed_random_bfs,train,14.397999763,14.194035411
4,fixed_random_bfs,train,0.000000000,-1.859759325
5,fixed_random_bfs,validation,45.495998383,48.197235250
6,fixed_random_bfs,holdout,42.771999359,69.974890871
7,fixed_random_bfs,train,4.517499924,5.163937300
8,fixed_random_bfs,train,2.963500023,3.395306698
9,fixed_random_bfs,train,54.757499695,52.852645629
10,fixed_random_bfs,validation,3.373500109,2.860490599
11,fixed_random_bfs,train,-4.431499958,-5.461057085
12,fixed_random_bfs,train,5.394999981,5.886234205
13,fixed_random_bfs,validation,0.075000003,-2.878926442
14,fixed_random_bfs,train,0.497000009,-1.191422504
15,fixed_random_bfs,holdout,4.415999889,5.436198454
16,fixed_random_bfs,train,1.532999992,1.463632159
17,fixed_random_bfs,holdout,0.411000013,-1.922107747
18,fixed_random_bfs,train,0.902499974,2.337077845
19,fixed_random_bfs,train,1.576500058,1.012586342
20,fixed_random_bfs,train,1.111999989,0.516373932
21,fixed_random_bfs,train,9.421999931,9.671720626
22,fixed_random_bfs,train,3.924000025,5.528602417
23,fixed_random_bfs,train,23.585500717,22.440111680
24,fixed_random_bfs,validation,0.242500007,-1.325544764
25,fixed_random_bfs,train,11.338000298,11.581949320
26,fixed_random_bfs,holdout,1.328500032,2.631019144
27,fixed_random_bfs,holdout,14.006999969,24.084766271
28,fixed_random_bfs,train,1.653499961,1.589283362
29,fixed_random_bfs,train,0.463000000,-1.357512398
30,fixed_random_bfs,holdout,3.184499979,4.088020177
31,fixed_random_bfs,train,0.815500021,1.284160988
32,fixed_random_bfs,train,1.157999992,1.625013285
33,fixed_random_bfs,holdout,21.334999084,18.264083014
34,fixed_random_bfs,train,1.615000010,3.603369235
35,fixed_random_bfs,train,2.415999889,2.245799868
36,fixed_random_bfs,validation,6.748499870,12.621088892
37,fixed_random_bfs,validation,9.166500092,17.695197553
38,fixed_random_bfs,train,33.422000885,32.699524290
39,fixed_random_bfs,validation,5.899000168,6.118632884
40,fixed_random_bfs,holdout,42.223499298,17.212700671
41,fixed_random_bfs,validation,0.030500000,2.542086548
42,fixed_random_bfs,holdout,0.299499989,-0.620003717
43,fixed_random_bfs,train,13.596500397,12.717936446
44,fixed_random_bfs,train,0.123499997,-1.545023590
45,fixed_random_bfs,train,0.235499993,-1.449830829
46,fixed_random_bfs,train,0.580999970,-0.562081582
47,fixed_random_bfs,validation,64.051498413,57.210017044
48,fixed_random_bfs,holdout,0.453500003,-0.105265722
49,fixed_random_bfs,train,16.496500015,14.945081804
50,fixed_random_bfs,train,0.000000000,-2.016206597
51,fixed_random_bfs,train,30.138999939,32.118256928
52,fixed_random_bfs,train,0.184000000,-0.544957149
53,fixed_random_bfs,holdout,54.979000092,14.570219231
54,fixed_random_bfs,train,0.300999999,1.434120198
55,fixed_random_bfs,holdout,13.928500175,26.026240991
56,fixed_random_bfs,train,0.380499989,-0.076071130
57,fixed_random_bfs,train,1.259500027,-1.996057028
58,fixed_random_bfs,train,0.000000000,-2.715265210
59,fixed_random_bfs,validation,50.636501312,37.851847092
60,fixed_random_bfs,train,5.792500019,8.661742305
61,fixed_random_bfs,train,0.000000000,-1.947774139
62,fixed_random_bfs,holdout,13.038499832,8.595459968
63,fixed_random_bfs,holdout,56.572498322,44.453365557
64,fixed_random_bfs,train,31.314500809,30.492571339
65,fixed_random_bfs,train,0.982500017,-1.388810406
66,fixed_random_bfs,train,5.661499977,6.945477626
67,fixed_random_bfs,train,12.531000137,16.542528285
68,fixed_random_bfs,train,54.714000702,52.373026452
69,fixed_random_bfs,train,40.156501770,36.171100193
70,fixed_random_bfs,validation,4.840000153,6.300363904
71,fixed_random_bfs,holdout,3.434999943,7.986638317
72,fixed_random_bfs,train,9.470000267,9.600636954
73,fixed_random_bfs,train,2.197000027,2.171397042
74,fixed_random_bfs,holdout,3.706000090,21.723603387
75,fixed_random_bfs,validation,0.257499993,2.954303028
76,fixed_random_bfs,train,2.252500057,1.684689953
77,fixed_random_bfs,train,4.569499969,5.751719172
78,fixed_random_bfs,train,0.754999995,0.907149983
79,fixed_random_bfs,validation,0.000000000,-0.368015928
80,fixed_random_bfs,train,4.907999992,3.262890016
81,fixed_random_bfs,train,1.810999990,3.792531985
82,fixed_random_bfs,train,1.481500030,1.068397183
83,fixed_random_bfs,holdout,15.100000381,13.597228211
84,fixed_random_bfs,train,77.295997620,69.046160479
85,fixed_random_bfs,train,0.837000012,-1.830313764
86,fixed_random_bfs,validation,17.416999817,25.537988697
87,fixed_random_bfs,train,10.772500038,13.987546497
88,fixed_random_bfs,holdout,1.110000014,8.072891000
89,fixed_random_bfs,train,0.460500002,-0.156609760
90,fixed_random_bfs,train,0.115500003,-1.110110708
91,fixed_random_bfs,train,2.070499897,3.202170081
92,fixed_random_bfs,train,1.846500039,2.435873084
93,fixed_random_bfs,train,1.590999961,-1.120214754
94,fixed_random_bfs,train,-0.529500008,-0.512767807
95,fixed_random_bfs,train,0.000000000,-1.018174921
96,fixed_random_bfs,train,43.460498810,45.581153978
97,fixed_random_bfs,train,0.519999981,0.135154971
98,fixed_random_bfs,train,0.260500014,-1.071668517
99,fixed_random_bfs,train,0.040500000,-2.411248001
100,fixed_random_bfs,train,42.782501221,41.719450268
101,fixed_random_bfs,validation,0.231000006,-1.265896231
102,fixed_random_bfs,validation,1.790500045,6.016937430
103,fixed_random_bfs,train,0.232500002,0.369358828
104,fixed_random_bfs,train,0.725499988,-0.108151306
105,fixed_random_bfs,validation,31.611499786,40.346873388
106,fixed_random_bfs,train,0.586499989,0.579983953
107,fixed_random_bfs,train,0.958000004,0.930545272
108,fixed_random_bfs,holdout,0.000000000,0.804181676
109,fixed_random_bfs,validation,19.479499817,17.062838247
110,fixed_random_bfs,train,4.624499798,5.042823239
111,fixed_random_bfs,train,0.159999996,-1.717037710
112,fixed_random_bfs,train,7.034999847,9.613181479
113,fixed_random_bfs,train,16.306499481,15.162074289
114,fixed_random_bfs,validation,35.944000244,43.505131588
115,fixed_random_bfs,holdout,1.873499990,-1.913367714
116,fixed_random_bfs,train,47.997501373,48.920033531
117,fixed_random_bfs,holdout,15.607000351,20.107705600
118,fixed_random_bfs,train,0.133000001,-1.602327867
119,fixed_random_bfs,train,0.020500001,-1.735584677
120,fixed_random_bfs,train,33.016998291,32.394377157
121,fixed_random_bfs,validation,1.139500022,-0.868360891
122,fixed_random_bfs,train,0.479999989,0.250015620
123,fixed_random_bfs,validation,0.927500010,-0.384111725
124,fixed_random_bfs,train,23.380500793,24.904440944
125,fixed_random_bfs,train,0.001000000,-4.166941305
126,fixed_random_bfs,holdout,0.752499998,1.871968182
127,fixed_random_bfs,validation,0.029999999,-3.599019206
128,fixed_random_bfs,train,21.906999588,22.147786489
129,fixed_random_bfs,train,6.735000134,7.591649808
130,fixed_random_bfs,holdout,0.236499995,-1.638572108
131,fixed_random_bfs,holdout,44.068000793,36.517705651
132,fixed_random_bfs,train,4.961500168,5.057537016
133,fixed_random_bfs,train,0.000000000,-2.376479189
134,fixed_random_bfs,train,0.370999992,-1.558123511
135,fixed_random_bfs,train,33.689998627,34.159469992
136,fixed_random_bfs,train,-0.866500020,-3.081059126
137,fixed_random_bfs,holdout,5.022500038,-1.657496092
138,fixed_random_bfs,holdout,0.772499979,-2.896205058
139,fixed_random_bfs,validation,10.406499863,13.614630624
140,fixed_random_bfs,train,0.230499998,-0.758454353
141,fixed_random_bfs,train,24.642999649,23.735751283
142,fixed_random_bfs,train,0.081000000,-1.673886749
143,fixed_random_bfs,holdout,21.141500473,19.489015117
144,fixed_random_bfs,validation,0.953000009,6.708078693
145,fixed_random_bfs,train,26.759500504,26.483705095
146,fixed_random_bfs,train,1.447999954,2.084972450
147,fixed_random_bfs,train,16.927000046,16.792834691
148,fixed_random_bfs,train,4.987500191,7.200120287
149,fixed_random_bfs,train,52.110000610,53.716178028
150,fixed_random_bfs,train,3.184999943,3.155854432
151,fixed_random_bfs,holdout,1.649000049,11.934031085
152,fixed_random_bfs,train,24.377500534,24.967395969
153,fixed_random_bfs,train,40.691501617,36.839734126
154,fixed_random_bfs,train,48.665500641,48.406165488
155,fixed_random_bfs,train,46.081001282,46.378493511
156,fixed_random_bfs,train,1.605499983,3.957148138
157,fixed_random_bfs,validation,69.884002686,56.870134862
158,fixed_random_bfs,train,1.678500056,1.115642431
159,fixed_random_bfs,train,0.223499998,-0.737555252
160,fixed_random_bfs,train,0.003500000,-0.613614691
161,fixed_random_bfs,train,1.867499948,0.706262016
162,fixed_random_bfs,validation,0.003000000,0.000271925
163,fixed_random_bfs,train,0.041000001,-0.546415697
164,fixed_random_bfs,train,2.785500050,5.893951229
165,fixed_random_bfs,train,0.000000000,-3.462937585
166,fixed_random_bfs,train,4.672500134,4.863103349
167,fixed_random_bfs,validation,1.006000042,0.469480941
168,fixed_random_bfs,validation,0.759999990,1.136077858
169,fixed_random_bfs,train,0.221499994,-0.480695508
170,fixed_random_bfs,train,2.470499992,2.191066056
171,fixed_random_bfs,train,0.736500025,1.233288502
172,fixed_random_bfs,validation,50.700000763,38.554462040
173,fixed_random_bfs,train,0.000000000,-1.882814736
174,fixed_random_bfs,holdout,4.584499836,-2.424051936
175,fixed_random_bfs,train,-2.092499971,-3.614510650
176,fixed_random_bfs,train,47.841499329,48.528922104
177,fixed_random_bfs,train,1.370499969,1.947103658
178,fixed_random_bfs,validation,2.086999893,3.215648707
179,fixed_random_bfs,validation,0.262499988,-1.318604282
180,fixed_random_bfs,validation,3.986000061,4.420329389
181,fixed_random_bfs,train,0.225999996,-0.500583980
182,fixed_random_bfs,train,16.710500717,14.988827550
183,fixed_random_bfs,train,0.286500007,-0.555886130
184,fixed_random_bfs,train,0.693499982,2.393037242
185,fixed_random_bfs,validation,8.400500298,11.703320258
186,fixed_random_bfs,train,0.527499974,-0.764682442
187,fixed_random_bfs,train,30.944999695,24.941734079
188,fixed_random_bfs,holdout,57.117000580,66.072779981
189,fixed_random_bfs,train,22.506500244,20.719994116
190,fixed_random_bfs,train,9.524499893,12.094659021
191,fixed_random_bfs,validation,0.000000000,0.238728755
192,fixed_random_bfs,train,3.172499895,4.477375382
193,fixed_random_bfs,train,0.000000000,-1.651705792
194,fixed_random_bfs,train,0.000000000,-2.609308905
195,fixed_random_bfs,train,0.585500002,1.072847105
196,fixed_random_bfs,train,0.000000000,-0.069489657
197,fixed_random_bfs,train,60.474498749,59.227760541
198,fixed_random_bfs,train,0.506500006,-0.213807122
199,fixed_random_bfs,train,1.739500046,1.973197711
200,fixed_random_bfs,validation,0.242500007,-1.133251651
201,fixed_random_bfs,train,27.662500381,26.330181671
202,fixed_random_bfs,train,62.507499695,57.912217837
203,fixed_random_bfs,validation,4.333499908,2.666212803
204,fixed_random_bfs,holdout,0.254999995,-0.831783525
205,fixed_random_bfs,train,18.572500229,20.298601500
206,fixed_random_bfs,holdout,0.041499998,1.982807696
207,fixed_random_bfs,train,10.432999611,11.508996742
208,fixed_random_bfs,train,61.607498169,58.378885648
209,fixed_random_bfs,train,0.126000002,-1.150668694
210,fixed_random_bfs,train,0.000000000,0.037644965
211,fixed_random_bfs,holdout,51.972499847,28.926590553
212,fixed_random_bfs,train,1.497499943,0.292248235
213,fixed_random_bfs,train,-3.533999920,-3.373799598
214,fixed_random_bfs,train,13.877499580,14.933602491
215,fixed_random_bfs,validation,25.034500122,61.181998682
216,fixed_random_bfs,validation,0.078000002,3.604608326
217,fixed_random_bfs,train,77.646499634,73.711177466
218,fixed_random_bfs,holdout,30.416500092,17.385002899
219,fixed_random_bfs,validation,4.986999989,3.703237002
220,fixed_random_bfs,train,0.000000000,-1.859206743
221,fixed_random_bfs,train,0.363499999,1.056433939
222,fixed_random_bfs,train,0.517499983,0.785490655
223,fixed_random_bfs,holdout,33.239498138,53.638595883
224,fixed_random_bfs,holdout,20.565999985,31.433151307
225,fixed_random_bfs,train,35.034000397,32.628152228
226,fixed_random_bfs,train,2.058500051,2.756318652
227,fixed_random_bfs,holdout,0.680999994,1.651891757
228,fixed_random_bfs,train,1.621000051,2.991114482
229,fixed_random_bfs,train,0.455500007,-0.372284657
230,fixed_random_bfs,holdout,0.000000000,-3.148035287
231,fixed_random_bfs,train,22.527500153,24.675112418
232,fixed_random_bfs,holdout,0.000000000,-2.781310646
233,fixed_random_bfs,train,7.813499928,6.841378832
234,fixed_random_bfs,holdout,30.849500656,26.830931786
235,fixed_random_bfs,train,0.032000002,0.140156350
236,fixed_random_bfs,train,21.082500458,20.900926086
237,fixed_random_bfs,validation,0.000000000,7.645410129
238,fixed_random_bfs,train,13.255000114,13.513112987
239,fixed_random_bfs,validation,10.029999733,34.479330903
240,fixed_random_bfs,holdout,3.536499977,22.016734382
241,fixed_random_bfs,train,0.377499998,0.784957204
242,fixed_random_bfs,train,1.006500006,-1.156680703
243,fixed_random_bfs,validation,19.124000549,31.972908576
244,fixed_random_bfs,train,0.627499998,2.200175228
245,fixed_random_bfs,validation,0.087499999,0.517678297
246,fixed_random_bfs,train,1.179000020,-0.002641795
247,fixed_random_bfs,train,61.433998108,56.619984889
248,fixed_random_bfs,train,9.602000237,10.624074979
249,fixed_random_bfs,holdout,0.808000028,4.048494766
250,fixed_random_bfs,train,56.652999878,55.304662768
251,fixed_random_bfs,train,23.862499237,25.349411730
252,fixed_random_bfs,validation,0.000000000,0.563906163
253,fixed_random_bfs,train,0.270500004,-0.998556551
254,fixed_random_bfs,train,44.992000580,55.842479807
255,fixed_random_bfs,holdout,15.835000038,17.517049316
256,fixed_random_bfs,train,1.148000002,1.424856843
257,fixed_random_bfs,train,6.171999931,4.819755440
258,fixed_random_bfs,train,28.311000824,28.809973119
259,fixed_random_bfs,train,7.912000179,7.656682645
260,fixed_random_bfs,train,1.545500040,1.258981904
261,fixed_random_bfs,holdout,10.816499710,13.831126798
262,fixed_random_bfs,train,15.993000031,14.460177360
263,fixed_random_bfs,train,0.230000004,-0.583018948
264,fixed_random_bfs,train,3.007499933,3.335650850
265,fixed_random_bfs,train,16.298000336,25.872260646
266,fixed_random_bfs,train,0.782999992,-0.866417286
267,fixed_random_bfs,train,0.617999971,0.593855914
268,fixed_random_bfs,train,0.300500005,-0.484238339
269,fixed_random_bfs,train,12.035499573,13.315578217
270,fixed_random_bfs,train,0.000000000,-2.081832251
271,fixed_random_bfs,train,1.184499979,1.706053854
272,fixed_random_bfs,train,7.800499916,9.403296882
273,fixed_random_bfs,holdout,3.069499969,6.200392598
274,fixed_random_bfs,train,0.017500000,-2.769059293
275,fixed_random_bfs,train,0.000000000,-0.793395354
276,fixed_random_bfs,validation,0.177499995,3.340541938
277,fixed_random_bfs,train,14.895999908,14.497531268
278,fixed_random_bfs,holdout,0.221000001,-0.516960007
279,fixed_random_bfs,train,1.851500034,3.724588523
280,fixed_random_bfs,train,0.304500014,-1.749409371
281,fixed_random_bfs,validation,1.593999982,0.804604835
282,fixed_random_bfs,validation,1.723999977,1.279668300
283,fixed_random_bfs,holdout,9.647500038,9.749394774
284,fixed_random_bfs,holdout,0.830999970,0.224999722
285,fixed_random_bfs,validation,24.964500427,26.849435987
286,fixed_random_bfs,train,0.257999986,-0.836661107
287,fixed_random_bfs,holdout,3.063499928,9.562549833
288,fixed_random_bfs,train,12.107500076,15.041186438
289,fixed_random_bfs,validation,0.247999996,0.263874076
290,fixed_random_bfs,train,0.211500004,2.234359945
291,fixed_random_bfs,validation,2.503499985,5.982805045
292,fixed_random_bfs,train,1.151999950,2.100878051
293,fixed_random_bfs,train,43.772998810,41.521522163
294,fixed_random_bfs,train,20.317499161,19.816491201
295,fixed_random_bfs,train,0.187500000,-0.784505639
296,fixed_random_bfs,validation,0.000000000,-0.889043911
297,fixed_random_bfs,holdout,67.885498047,68.459135453
298,fixed_random_bfs,train,0.232500002,0.231126524
299,fixed_random_bfs,train,6.431499958,6.191462368
300,fixed_random_bfs,train,7.758999825,8.377167338
301,fixed_random_bfs,holdout,0.000000000,-3.245563299
302,fixed_random_bfs,validation,0.382499993,1.613569986
303,fixed_random_bfs,train,0.020000000,-1.217097899
304,fixed_random_bfs,validation,1.766999960,1.868675195
305,fixed_random_bfs,train,84.047996521,79.184090452
306,fixed_random_bfs,train,0.430500001,-1.781331988
307,fixed_random_bfs,train,15.435999870,14.517259085
308,fixed_random_bfs,train,0.159999996,-0.684588354
309,fixed_random_bfs,train,0.234999999,-1.595261337
310,fixed_random_bfs,train,0.000000000,-1.227792792
311,fixed_random_bfs,train,27.804500580,25.369907929
312,fixed_random_bfs,train,0.000000000,-1.241256225
313,fixed_random_bfs,train,0.233500004,-1.481194111
314,fixed_random_bfs,train,50.016998291,45.853191173
315,fixed_random_bfs,train,0.171000004,-1.912116244
316,fixed_random_bfs,train,1.425999999,1.760094405
317,fixed_random_bfs,train,1.279500008,4.211400277
318,fixed_random_bfs,train,4.328000069,1.518295069
319,fixed_random_bfs,train,6.751999855,5.938856160
320,fixed_random_bfs,train,0.666000009,0.568962687
321,fixed_random_bfs,holdout,16.613000870,19.044336378
322,fixed_random_bfs,train,2.640500069,3.071251337
323,fixed_random_bfs,holdout,76.571998596,64.798054110
324,fixed_random_bfs,train,54.745998383,52.137115329
325,fixed_random_bfs,train,17.549999237,17.886461467
326,fixed_random_bfs,validation,24.761999130,27.878688017
327,fixed_random_bfs,holdout,-0.229499996,0.452012128
328,fixed_random_bfs,train,1.769000053,3.681455570
329,fixed_random_bfs,train,42.806499481,40.330430961
330,fixed_random_bfs,train,3.828999996,5.584795339
331,fixed_random_bfs,train,0.000000000,-1.167465629
332,fixed_random_bfs,train,19.975999832,21.292546204
333,fixed_random_bfs,train,24.593000412,25.476039799
334,fixed_random_bfs,train,32.283500671,30.951569394
335,fixed_random_bfs,train,1.843500018,-0.169873993
336,fixed_random_bfs,train,1.895499945,2.008109451
337,fixed_random_bfs,train,0.303000003,0.524337423
338,fixed_random_bfs,holdout,22.200000763,41.737637100
339,fixed_random_bfs,train,0.674499989,-1.161919546
340,fixed_random_bfs,holdout,12.038999557,10.137040462
341,fixed_random_bfs,holdout,40.133998871,28.384529545
342,fixed_random_bfs,train,6.856500149,7.822541828
343,fixed_random_bfs,holdout,0.461499989,-1.395187051
344,fixed_random_bfs,train,70.456497192,69.092383843
345,fixed_random_bfs,validation,21.336500168,22.672364054
346,fixed_random_bfs,train,0.000000000,-2.817649422
347,fixed_random_bfs,validation,1.669499993,2.292346229
348,fixed_random_bfs,holdout,3.464999914,1.795793941
349,fixed_random_bfs,train,0.897000015,0.293280248
350,fixed_random_bfs,holdout,3.368499994,1.145108251
351,fixed_random_bfs,validation,-3.387000084,17.617169178
352,fixed_random_bfs,train,6.919000149,10.307441851
353,fixed_random_bfs,train,4.263000011,5.262249170
354,fixed_random_bfs,train,1.577999949,2.212584140
355,fixed_random_bfs,train,43.605998993,46.930995067
356,fixed_random_bfs,train,4.153500080,4.964003129
357,fixed_random_bfs,train,0.371499985,-0.373629537
358,fixed_random_bfs,train,1.004500031,-0.251271321
359,fixed_random_bfs,validation,40.826499939,39.320960488
360,fixed_random_bfs,train,0.938499987,3.185135119
361,fixed_random_bfs,train,1.468500018,-0.354362299
362,fixed_random_bfs,validation,0.435499996,-0.259089633
363,fixed_random_bfs,train,21.471500397,20.345513061
364,fixed_random_bfs,train,29.430999756,28.860394311
365,fixed_random_bfs,train,0.741999984,1.145956819
366,fixed_random_bfs,train,6.714000225,9.068171862
367,fixed_random_bfs,train,16.982500076,17.106304326
368,fixed_random_bfs,train,0.172499999,-0.658420023
369,fixed_random_bfs,train,8.069000244,9.571085884
370,fixed_random_bfs,train,5.221499920,4.212312995
371,fixed_random_bfs,train,0.088000000,-0.250578061
372,fixed_random_bfs,train,0.421000004,0.104857464
373,fixed_random_bfs,train,3.153000116,4.983006455
374,fixed_random_bfs,train,5.393499851,5.986950540
375,fixed_random_bfs,train,0.382499993,-0.173263767
376,fixed_random_bfs,validation,2.154500008,4.728936072
377,fixed_random_bfs,train,5.697999954,6.390637442
378,fixed_random_bfs,train,8.416999817,11.141585452
379,fixed_random_bfs,train,0.293000013,-1.242399654
380,fixed_random_bfs,train,11.470000267,13.859314137
381,fixed_random_bfs,train,0.922999978,-1.426268978
382,fixed_random_bfs,train,0.000000000,-2.789277513
383,fixed_random_bfs,holdout,0.000000000,0.778825901
384,fixed_random_bfs,holdout,0.981500030,1.916877053
385,fixed_random_bfs,holdout,35.158500671,24.637140654
386,fixed_random_bfs,holdout,2.693500042,5.915549217
387,fixed_random_bfs,train,7.278500080,7.489569742
388,fixed_random_bfs,holdout,17.224500656,9.742319241
389,fixed_random_bfs,train,5.087500095,5.489506355
390,fixed_random_bfs,train,0.427500010,-0.904198854
391,fixed_random_bfs,validation,3.955499887,2.660517038
392,fixed_random_bfs,train,21.862499237,19.830039040
393,fixed_random_bfs,train,0.081500001,-1.763895813
394,fixed_random_bfs,train,1.727499962,3.162335179
395,fixed_random_bfs,train,68.957000732,68.319470486
396,fixed_random_bfs,holdout,61.785999298,57.436227024
397,fixed_random_bfs,train,2.292500019,1.417710408
398,fixed_random_bfs,train,0.082999997,-0.232289941
399,fixed_random_bfs,validation,28.964500427,30.333713411
400,fixed_random_bfs,validation,0.368000001,1.375567826
401,fixed_random_bfs,train,14.855500221,14.426045257
402,fixed_random_bfs,holdout,-0.150000006,-2.796082945
403,fixed_random_bfs,train,8.390000343,8.677860611
404,fixed_random_bfs,train,7.528500080,5.874472411
405,fixed_random_bfs,train,60.758499146,58.660669005
406,fixed_random_bfs,train,0.612999976,-0.839922583
407,fixed_random_bfs,train,49.767501831,46.737825250
408,fixed_random_bfs,validation,0.000000000,1.178257579
409,fixed_random_bfs,train,0.715499997,-0.283899579
410,fixed_random_bfs,train,1.236500025,-0.095160551
411,fixed_random_bfs,holdout,0.935500026,0.313192353
412,fixed_random_bfs,holdout,3.549499989,5.451498577
413,fixed_random_bfs,train,0.344000012,0.143902882
414,fixed_random_bfs,train,0.546999991,0.459463552
415,fixed_random_bfs,train,4.758999825,6.184475744
416,fixed_random_bfs,train,2.454999924,2.230482864
417,fixed_random_bfs,train,0.097000003,-2.950607995
418,fixed_random_bfs,train,56.243000031,53.856311172
419,fixed_random_bfs,holdout,38.798000336,55.643653615
420,fixed_random_bfs,train,0.472999990,-0.044409611
421,fixed_random_bfs,train,0.000000000,-2.731500559
422,fixed_random_bfs,train,1.244500041,1.018802052
423,fixed_random_bfs,validation,72.930000305,65.441197217
424,fixed_random_bfs,validation,0.744000018,3.603666347
425,fixed_random_bfs,train,6.783500195,6.368922972
426,fixed_random_bfs,train,0.666999996,0.879440949
427,fixed_random_bfs,train,10.996000290,11.103365954
428,fixed_random_bfs,train,0.911000013,-0.747235013
429,fixed_random_bfs,validation,0.472499996,1.521359595
430,fixed_random_bfs,train,27.049999237,25.081230233
431,fixed_random_bfs,train,5.234499931,5.558957320
432,fixed_random_bfs,train,0.086999997,-0.873531083
433,fixed_random_bfs,holdout,9.121999741,16.578515929
434,fixed_random_bfs,train,0.000000000,-2.719587959
435,fixed_random_bfs,train,0.721000016,1.951595220
436,fixed_random_bfs,validation,73.080497742,72.807372937
437,fixed_random_bfs,train,1.143000007,1.634383555
438,fixed_random_bfs,train,4.158500195,6.415081062
439,fixed_random_bfs,train,0.000000000,-2.437283531
440,fixed_random_bfs,holdout,0.381500006,-0.629933322
441,fixed_random_bfs,train,0.415499985,1.047743424
442,fixed_random_bfs,train,0.000000000,-1.262736044
443,fixed_random_bfs,validation,31.335500717,24.484308240
444,fixed_random_bfs,train,12.112500191,12.235711634
445,fixed_random_bfs,train,0.887000024,-1.907336573
446,fixed_random_bfs,train,9.270999908,10.178177478
447,fixed_random_bfs,train,0.028000001,-2.847535024
448,fixed_random_bfs,train,4.119999886,5.783909640
449,fixed_random_bfs,train,0.000000000,-3.038695961
450,fixed_random_bfs,train,57.971500397,60.499659350
451,fixed_random_bfs,train,0.025500000,-0.153618387
452,fixed_random_bfs,train,17.125999451,17.571851216
453,fixed_random_bfs,train,3.269000053,2.818312566
454,fixed_random_bfs,train,1.603999972,1.947399644
455,fixed_random_bfs,holdout,74.102500916,67.089635479
456,fixed_random_bfs,train,0.323000014,-1.230214702
457,fixed_random_bfs,train,8.962499619,8.832302942
458,fixed_random_bfs,holdout,17.807500839,29.391601742
459,fixed_random_bfs,train,10.083499908,11.146461909
460,fixed_random_bfs,train,0.694999993,0.224200672
461,fixed_random_bfs,train,1.478999972,-0.575798235
462,fixed_random_bfs,train,50.559501648,51.504474667
463,fixed_random_bfs,train,1.226500034,0.406068994
464,fixed_random_bfs,train,0.008000000,-1.100501848
465,fixed_random_bfs,train,2.394500017,2.440096233
466,fixed_random_bfs,validation,1.983000040,0.639082154
467,fixed_random_bfs,train,0.298000008,-1.772945337
468,fixed_random_bfs,validation,5.806000233,0.177747721
469,fixed_random_bfs,train,0.358000010,-0.979377096
470,fixed_random_bfs,train,2.211499929,1.959034265
471,fixed_random_bfs,train,0.225999996,-1.626519955
472,fixed_random_bfs,train,25.073499680,22.843126704
473,fixed_random_bfs,train,64.580001831,61.251612834
474,fixed_random_bfs,train,77.630996704,74.739255680
475,fixed_random_bfs,train,1.416000009,0.089179199
476,fixed_random_bfs,train,21.351499557,21.104130173
477,fixed_random_bfs,train,1.338000059,0.947643820
478,fixed_random_bfs,train,0.242500007,-0.616297699
479,fixed_random_bfs,train,17.878499985,21.418665583
480,fixed_random_bfs,train,0.194499999,-2.457783107
481,fixed_random_bfs,validation,0.532500029,-0.924248261
482,fixed_random_bfs,train,10.477499962,12.444205771
483,fixed_random_bfs,train,8.387999535,9.297139690
484,fixed_random_bfs,validation,14.140500069,14.381805169
485,fixed_random_bfs,train,79.921997070,70.795783252
486,fixed_random_bfs,train,0.001500000,-2.838085974
487,fixed_random_bfs,train,0.907999992,1.545542680
488,fixed_random_bfs,train,2.775500059,3.066126724
489,fixed_random_bfs,validation,0.861000001,3.000785803
490,fixed_random_bfs,train,0.109999999,-0.871788929
491,fixed_random_bfs,train,0.584999979,-0.768738466
492,fixed_random_bfs,train,60.780498505,53.080786834
493,fixed_random_bfs,train,0.000000000,-2.230448831
494,fixed_random_bfs,train,2.000499964,1.502745103
495,fixed_random_bfs,train,0.462500006,-0.376572518
496,fixed_random_bfs,train,6.318999767,5.497791717
497,fixed_random_bfs,train,7.306499958,7.409851826
498,fixed_random_bfs,validation,0.270500004,-0.753548635
499,fixed_random_bfs,holdout,0.941999972,-2.073358942
500,fixed_random_bfs,train,1.100000024,0.175356198
501,fixed_random_bfs,train,0.222499996,-0.661539695
502,fixed_random_bfs,train,6.397500038,8.062645433
503,fixed_random_bfs,holdout,0.000000000,-0.685853329
504,fixed_random_bfs,train,25.201499939,29.072362065
505,fixed_random_bfs,train,14.828000069,16.712774928
506,fixed_random_bfs,validation,14.397999763,25.382330346
507,fixed_random_bfs,train,0.439000010,1.036294498
508,fixed_random_bfs,train,1.184499979,0.777743244
509,fixed_random_bfs,train,1.559000015,1.906496153
510,fixed_random_bfs,train,18.035499573,17.707984607
511,fixed_random_bfs,train,51.063999176,51.112138780
512,fixed_random_bfs,train,7.969500065,9.305896886
513,fixed_random_bfs,train,9.132499695,9.380687138
514,fixed_random_bfs,train,2.676000118,2.155234846
515,fixed_random_bfs,validation,4.730999947,8.564482987
516,fixed_random_bfs,train,1.021999955,1.585737155
517,fixed_random_bfs,train,1.323500037,1.018476805
518,fixed_random_bfs,holdout,0.704500020,-2.538666117
519,fixed_random_bfs,validation,17.701499939,22.041481303
520,fixed_random_bfs,train,83.438499451,79.933185361
521,fixed_random_bfs,train,0.391499996,-0.402919791
522,fixed_random_bfs,train,0.252499998,-2.025404678
523,fixed_random_bfs,train,5.918499947,6.506356226
524,fixed_random_bfs,train,0.160500005,-0.165686295
525,fixed_random_bfs,holdout,0.000000000,0.382825637
526,fixed_random_bfs,train,0.842000008,-0.346000408
527,fixed_random_bfs,train,6.977499962,10.116375730
528,fixed_random_bfs,train,21.584999084,22.994484814
529,fixed_random_bfs,train,0.000500000,-0.981352213
530,fixed_random_bfs,train,37.822498322,36.324058654
531,fixed_random_bfs,train,0.237000003,-1.357587802
532,fixed_random_bfs,train,0.236499995,0.300080052
533,fixed_random_bfs,holdout,54.215999603,91.731041913
534,fixed_random_bfs,train,16.722000122,17.068889646
535,fixed_random_bfs,validation,0.463499993,0.971455515
536,fixed_random_bfs,validation,51.898498535,53.257154089
537,fixed_random_bfs,holdout,14.578499794,12.865374146
538,fixed_random_bfs,holdout,5.193500042,7.935837014
539,fixed_random_bfs,train,22.619499207,21.666348629
540,fixed_random_bfs,validation,0.000000000,-2.924703013
541,fixed_random_bfs,train,0.912500024,1.263381182
542,fixed_random_bfs,train,5.344999790,6.154453966
543,fixed_random_bfs,validation,0.328500003,-1.517798487
544,fixed_random_bfs,train,0.614000022,0.488026783
545,fixed_random_bfs,holdout,8.091500282,12.412131503
546,fixed_random_bfs,validation,17.692499161,17.657393476
547,fixed_random_bfs,train,4.630499840,4.447867359
548,fixed_random_bfs,train,5.903500080,5.052962735
549,fixed_random_bfs,validation,12.416500092,11.990601024
550,fixed_random_bfs,holdout,0.828499973,-0.268675985
551,fixed_random_bfs,train,39.373001099,37.177514018
552,fixed_random_bfs,validation,0.038500000,-3.773038829
553,fixed_random_bfs,train,0.865999997,-0.832916826
554,fixed_random_bfs,train,3.833499908,4.594459304
555,fixed_random_bfs,train,76.620498657,71.657830093
556,fixed_random_bfs,holdout,0.329499990,-1.830874224
557,fixed_random_bfs,holdout,2.009500027,27.483035509
558,fixed_random_bfs,holdout,-0.956499994,15.487493663
559,fixed_random_bfs,train,1.187000036,1.808065551
560,fixed_random_bfs,train,0.344999999,-2.306269689
561,fixed_random_bfs,train,1.592499971,1.701475634
562,fixed_random_bfs,holdout,1.397500038,3.035732431
563,fixed_random_bfs,train,3.148000002,2.890233835
564,fixed_random_bfs,train,3.816499949,3.490648015
565,fixed_random_bfs,train,0.838500023,-1.027441652
566,fixed_random_bfs,train,39.943000793,36.947623906
567,fixed_random_bfs,train,13.360500336,12.151388207
568,fixed_random_bfs,train,2.845999956,2.747763188
569,fixed_random_bfs,train,1.457499981,0.058042127
570,fixed_random_bfs,train,0.623000026,0.218800894
571,fixed_random_bfs,train,63.847499847,65.352851529
572,fixed_random_bfs,train,3.884999990,3.730327054
573,fixed_random_bfs,train,5.887000084,6.825978547
574,fixed_random_bfs,train,4.759500027,4.938441401
575,fixed_random_bfs,train,0.055000000,0.545993934
576,fixed_random_bfs,train,64.352996826,64.012468493
577,fixed_random_bfs,train,0.048000000,-0.285242208
578,fixed_random_bfs,train,4.716499805,4.271636280
579,fixed_random_bfs,train,5.642000198,7.805472822
580,fixed_random_bfs,train,-0.109999999,-2.159755399
581,fixed_random_bfs,holdout,24.881500244,27.932388691
582,fixed_random_bfs,holdout,14.133500099,8.491719340
583,fixed_random_bfs,train,1.384999990,2.339567843
584,fixed_random_bfs,train,0.094499998,-2.449149989
585,fixed_random_bfs,train,10.656000137,13.546885237
586,fixed_random_bfs,train,5.320499897,4.825833848
587,fixed_random_bfs,train,22.706499100,20.840552781
588,fixed_random_bfs,train,-3.507499933,-3.624978208
589,fixed_random_bfs,train,16.056499481,16.414173254
590,fixed_random_bfs,validation,2.598500013,2.920264616
591,fixed_random_bfs,validation,1.935999990,11.265203579
592,fixed_random_bfs,validation,1.182999969,-3.150860098
593,fixed_random_bfs,train,1.568500042,1.873771109
594,fixed_random_bfs,train,0.015000000,-0.987005211
595,fixed_random_bfs,train,1.399000049,1.000211193
596,fixed_random_bfs,train,1.518000007,0.553664816
597,fixed_random_bfs,validation,3.215500116,0.088399281
598,fixed_random_bfs,holdout,1.189000010,-0.934204876
599,fixed_random_bfs,train,42.405998230,46.658755296
600,fixed_random_bfs,validation,1.726500034,3.817193374
601,fixed_random_bfs,train,0.000000000,-2.322617580
602,fixed_random_bfs,train,2.643500090,5.879550319
603,fixed_random_bfs,train,-0.324499995,-1.352152010
604,fixed_random_bfs,train,17.204500198,16.547457637
605,fixed_random_bfs,holdout,0.428999990,-0.103852191
606,fixed_random_bfs,train,0.717000008,-0.238934437
607,fixed_random_bfs,train,34.298000336,32.384889843
608,fixed_random_bfs,train,30.651500702,29.297190025
609,fixed_random_bfs,train,1.708999991,0.890814471
610,fixed_random_bfs,holdout,0.799499989,-0.359507732
611,fixed_random_bfs,holdout,3.574500084,15.350399443
612,fixed_random_bfs,train,0.230000004,-0.394551147
613,fixed_random_bfs,validation,0.308999985,-2.580855967
614,fixed_random_bfs,train,0.039500002,0.671053164
615,fixed_random_bfs,train,3.674499989,4.732477778
616,fixed_random_bfs,train,74.263496399,74.071924986
617,fixed_random_bfs,train,3.107000113,2.892288294
618,fixed_random_bfs,validation,42.880001068,33.192668798
619,fixed_random_bfs,holdout,0.000000000,-4.765733751
620,fixed_random_bfs,train,7.002999783,7.774717831
621,fixed_random_bfs,train,16.177999496,19.067416549
622,fixed_random_bfs,train,0.035500001,-0.722076187
623,fixed_random_bfs,holdout,20.936000824,25.224557326
624,fixed_random_bfs,train,0.000000000,-3.564203127
625,fixed_random_bfs,holdout,6.144499779,8.863348855
626,fixed_random_bfs,train,4.687500000,5.785418832
627,fixed_random_bfs,validation,0.930000007,0.737122234
628,fixed_random_bfs,train,0.964500010,1.825752696
629,fixed_random_bfs,train,15.118499756,16.518931545
630,fixed_random_bfs,holdout,3.490999937,13.818232547
631,fixed_random_bfs,train,0.109499998,-1.286979902
632,fixed_random_bfs,train,20.549999237,20.334934087
633,fixed_random_bfs,train,0.798500001,1.666723704
634,fixed_random_bfs,train,7.391499996,6.345625595
635,fixed_random_bfs,train,0.135499999,1.906645834
636,fixed_random_bfs,validation,1.934999943,0.234607457
637,fixed_random_bfs,train,0.323500007,1.001083395
638,fixed_random_bfs,validation,71.993499756,74.929564672
639,fixed_random_bfs,train,45.945499420,45.769383189
640,fixed_random_bfs,train,16.768999100,14.558595301
641,fixed_random_bfs,validation,0.043499999,-3.609507021
642,fixed_random_bfs,train,42.669498444,40.411272330
643,fixed_random_bfs,train,1.907500029,2.221805854
644,fixed_random_bfs,validation,0.550000012,-0.916221746
645,fixed_random_bfs,train,10.506500244,12.579083753
646,fixed_random_bfs,train,11.200499535,12.337734586
647,fixed_random_bfs,train,0.793500006,0.499784074
648,fixed_random_bfs,holdout,62.242500305,46.444688629
649,fixed_random_bfs,train,73.845001221,70.572017691
650,fixed_random_bfs,train,69.258003235,63.139369999
651,fixed_random_bfs,train,61.606498718,58.213934682
652,fixed_random_bfs,train,-0.717000008,-2.347242956
653,fixed_random_bfs,validation,1.036000013,-8.790991777
654,fixed_random_bfs,train,6.082499981,5.884082396
655,fixed_random_bfs,train,-1.519500017,-1.945950955
656,fixed_random_bfs,train,0.397000015,-0.159014789
657,fixed_random_bfs,train,0.861000001,-0.549902257
658,fixed_random_bfs,train,31.062000275,28.079865218
659,fixed_random_bfs,train,2.259500027,3.259564392
660,fixed_random_bfs,holdout,1.202499986,0.964258437
661,fixed_random_bfs,validation,11.000499725,14.061395896
662,fixed_random_bfs,validation,0.090999998,-0.318735916
663,fixed_random_bfs,train,16.298500061,17.280757237
664,fixed_random_bfs,holdout,5.676499844,12.786215846
665,fixed_random_bfs,train,0.331999987,-0.301242344
666,fixed_random_bfs,validation,13.258000374,23.352633733
667,fixed_random_bfs,holdout,20.707500458,28.088901237
668,fixed_random_bfs,holdout,15.543000221,14.747057757
669,fixed_random_bfs,train,8.803999901,10.555906222
670,fixed_random_bfs,train,8.126999855,9.492484950
671,fixed_random_bfs,train,72.279998779,67.730127090
672,fixed_random_bfs,holdout,1.345999956,0.287192836
673,fixed_random_bfs,train,18.975000381,19.479285837
674,fixed_random_bfs,train,2.263000011,2.014824848
675,fixed_random_bfs,validation,0.509000003,0.213325712
676,fixed_random_bfs,train,0.000000000,-2.009512582
677,fixed_random_bfs,validation,11.025500298,9.821450812
678,fixed_random_bfs,train,6.579999924,7.645898000
679,fixed_random_bfs,holdout,24.211999893,23.345790037
680,fixed_random_bfs,train,58.422000885,55.016374468
681,fixed_random_bfs,train,21.322999954,20.481781502
682,fixed_random_bfs,validation,23.864500046,18.042831647
683,fixed_random_bfs,train,58.754501343,57.555999018
684,fixed_random_bfs,train,0.369500011,-0.226498515
685,fixed_random_bfs,train,32.928001404,31.230919586
686,fixed_random_bfs,train,0.666999996,0.345369316
687,fixed_random_bfs,train,1.452999949,2.109434640
688,fixed_random_bfs,holdout,19.140499115,32.262979546
689,fixed_random_bfs,train,2.674000025,4.974729533
690,fixed_random_bfs,train,11.617500305,10.835696947
691,fixed_random_bfs,train,3.921000004,3.359655555
692,fixed_random_bfs,train,2.942500114,4.576823929
693,fixed_random_bfs,train,0.739000022,0.331876622
694,fixed_random_bfs,train,21.441999435,20.523174552
695,fixed_random_bfs,train,3.026999950,3.339232508
696,fixed_random_bfs,validation,1.372499943,0.248557072
697,fixed_random_bfs,train,0.128000006,-3.179161104
698,fixed_random_bfs,train,54.529998779,51.596075078
699,fixed_random_bfs,validation,0.000000000,-0.871127180
700,fixed_random_bfs,train,1.695500016,1.995670153
701,fixed_random_bfs,train,14.755000114,16.161941811
702,fixed_random_bfs,validation,0.011500000,-2.003239476
703,fixed_random_bfs,validation,3.618499994,3.874201103
704,fixed_random_bfs,holdout,4.662000179,0.112737674
705,fixed_random_bfs,holdout,3.530999899,0.536920775
706,fixed_random_bfs,train,2.592000008,3.276739469
707,fixed_random_bfs,validation,3.064500093,2.613154746
708,fixed_random_bfs,holdout,0.022000000,11.106426963
709,fixed_random_bfs,train,2.782999992,2.511656241
710,fixed_random_bfs,validation,0.234500006,-0.433724863
711,fixed_random_bfs,train,8.411999702,7.908817582
712,fixed_random_bfs,holdout,13.375499725,7.714109594
713,fixed_random_bfs,train,0.132499993,-2.217500842
714,fixed_random_bfs,train,1.047000051,2.281137018
715,fixed_random_bfs,holdout,0.229499996,-0.749655797
716,fixed_random_bfs,train,51.921001434,50.495411597
717,fixed_random_bfs,train,82.197502136,78.879073868
718,fixed_random_bfs,validation,0.011000000,-1.751027729
719,fixed_random_bfs,validation,2.596499920,1.631727557
720,fixed_random_bfs,train,0.306499988,-1.837986896
721,fixed_random_bfs,train,0.295500010,-0.002280534
722,fixed_random_bfs,train,0.941500008,0.028484023
723,fixed_random_bfs,holdout,2.299499989,6.631460473
724,fixed_random_bfs,train,9.340999603,9.178686129
725,fixed_random_bfs,train,1.286999941,-0.541471715
726,fixed_random_bfs,train,2.345499992,4.292812798
727,fixed_random_bfs,holdout,0.098999999,-1.024961220
728,fixed_random_bfs,holdout,1.087499976,-4.592311727
729,fixed_random_bfs,train,65.800003052,58.192245534
730,fixed_random_bfs,validation,24.884000778,44.636660914
731,fixed_random_bfs,train,48.320499420,49.423543182
732,fixed_random_bfs,train,0.001000000,-2.560602858
733,fixed_random_bfs,train,9.494999886,11.064976728
734,fixed_random_bfs,train,1.703500032,3.219812771
735,fixed_random_bfs,train,17.954500198,19.551342718
736,fixed_random_bfs,train,3.818500042,5.056484183
737,fixed_random_bfs,train,9.402000427,14.420024526
738,fixed_random_bfs,validation,18.261499405,16.548851473
739,fixed_random_bfs,train,16.753499985,17.275829573
740,fixed_random_bfs,train,0.003000000,-0.807989836
741,fixed_random_bfs,train,10.566499710,11.884070754
742,fixed_random_bfs,train,49.975498199,46.738660314
743,fixed_random_bfs,train,1.129500031,1.837893756
744,fixed_random_bfs,train,5.096000195,4.936903511
745,fixed_random_bfs,train,49.098499298,45.089281198
746,fixed_random_bfs,holdout,0.000000000,3.099416730
747,fixed_random_bfs,train,27.226499557,25.556416369
748,fixed_random_bfs,train,5.845499992,4.466937648
749,fixed_random_bfs,holdout,0.667500019,6.460126671
750,fixed_random_bfs,validation,0.000000000,0.691210612
751,fixed_random_bfs,train,0.216000006,-0.598781619
752,fixed_random_bfs,train,2.108500004,1.150159148
753,fixed_random_bfs,train,0.001500000,-0.538823595
754,fixed_random_bfs,validation,40.352500916,21.228084238
755,fixed_random_bfs,train,3.822000027,4.855009871
756,fixed_random_bfs,train,6.384500027,6.448038505
757,fixed_random_bfs,train,0.782999992,-0.018649808
758,fixed_random_bfs,train,0.594500005,-0.848142671
759,fixed_random_bfs,train,0.000000000,-2.285916418
760,fixed_random_bfs,train,0.212500006,-1.391752261
761,fixed_random_bfs,train,0.801999986,-0.495420540
762,fixed_random_bfs,train,75.420501709,74.204913946
763,fixed_random_bfs,train,0.092500001,-1.844518850
764,fixed_random_bfs,train,1.160500050,0.630512059
765,fixed_random_bfs,train,7.355500221,7.914029697
766,fixed_random_bfs,train,1.570000052,1.037550470
767,fixed_random_bfs,train,8.411000252,8.793640167
768,fixed_random_bfs,train,9.340499878,12.100586904
769,fixed_random_bfs,train,-1.068500042,-1.517074840
770,fixed_random_bfs,train,24.333999634,25.303681300
771,fixed_random_bfs,holdout,4.619500160,2.903366393
772,fixed_random_bfs,train,1.751999974,3.229668098
773,fixed_random_bfs,holdout,0.021500001,-5.664760859
774,fixed_random_bfs,train,0.286000013,-0.715179596
775,fixed_random_bfs,train,20.252500534,20.944178334
776,fixed_random_bfs,train,3.013000011,3.078759595
777,fixed_random_bfs,train,16.184499741,17.652010579
778,fixed_random_bfs,train,0.750000000,-1.853500849
779,fixed_random_bfs,train,4.442999840,7.360978372
780,fixed_random_bfs,holdout,0.342500001,-1.905152128
781,fixed_random_bfs,train,-0.179499999,-1.259073918
782,fixed_random_bfs,train,60.905998230,59.196410764
783,fixed_random_bfs,train,0.498499990,-2.042533612
784,fixed_random_bfs,train,6.811999798,6.685328272
785,fixed_random_bfs,train,59.604999542,60.746005394
786,fixed_random_bfs,train,82.142997742,80.375332461
787,fixed_random_bfs,train,0.521000028,-0.837940713
788,fixed_random_bfs,validation,0.255499989,-0.802699224
789,fixed_random_bfs,holdout,55.494499207,83.342779729
790,fixed_random_bfs,holdout,0.597000003,0.488246240
791,fixed_random_bfs,validation,33.381000519,24.666363382
792,fixed_random_bfs,holdout,-0.337500006,1.680038581
793,fixed_random_bfs,holdout,28.306499481,13.565954963
794,fixed_random_bfs,train,34.144001007,31.152628425
795,fixed_random_bfs,train,26.889499664,26.026848720
796,fixed_random_bfs,train,14.223999977,13.953852745
797,fixed_random_bfs,holdout,1.210999966,4.217565343
798,fixed_random_bfs,train,4.939499855,4.296066395
799,fixed_random_bfs,validation,1.100499988,3.359367447
800,fixed_random_bfs,train,0.108000003,-2.446247524
801,fixed_random_bfs,validation,0.082000002,0.055863309
802,fixed_random_bfs,train,0.935500026,2.451548536
803,fixed_random_bfs,train,14.482000351,17.392424499
804,fixed_random_bfs,train,0.214000002,1.851958165
805,fixed_random_bfs,train,10.095999718,9.455668994
806,fixed_random_bfs,train,6.974500179,6.789953201
807,fixed_random_bfs,train,3.436000109,1.926724502
808,fixed_random_bfs,train,5.199999809,7.477987734
809,fixed_random_bfs,train,0.381500006,0.231436015
810,fixed_random_bfs,train,5.220499992,4.329748048
811,fixed_random_bfs,train,2.929500103,4.403628115
812,fixed_random_bfs,validation,-0.156000003,3.335469094
813,fixed_random_bfs,train,70.487998962,65.505706451
814,fixed_random_bfs,train,2.029000044,2.003545861
815,fixed_random_bfs,train,1.487499952,2.693899328
816,fixed_random_bfs,train,0.750500023,0.991669234
817,fixed_random_bfs,holdout,4.499499798,3.241856427
818,fixed_random_bfs,train,1.504999995,-0.390823746
819,fixed_random_bfs,train,3.666500092,1.985195843
820,fixed_random_bfs,train,37.486000061,35.929552952
821,fixed_random_bfs,validation,1.410500050,-1.988766539
822,fixed_random_bfs,train,53.919498444,55.840418033
823,fixed_random_bfs,train,0.735499978,-0.956658186
824,fixed_random_bfs,holdout,43.178501129,42.031773097
825,fixed_random_bfs,train,10.376999855,10.773362030
826,fixed_random_bfs,train,0.183500007,-0.733375431
827,fixed_random_bfs,train,0.485500008,-0.460967972
828,fixed_random_bfs,train,61.580501556,59.777786167
829,fixed_random_bfs,validation,3.213000059,8.315834328
830,fixed_random_bfs,train,6.305500031,7.171841226
831,fixed_random_bfs,train,0.325500011,-2.041278766
832,fixed_random_bfs,validation,0.609499991,-1.215628097
833,fixed_random_bfs,validation,0.567499995,-1.644785567
834,fixed_random_bfs,train,8.155500412,7.633462641
835,fixed_random_bfs,train,0.094499998,-0.749592774
836,fixed_random_bfs,train,0.614000022,2.457835710
837,fixed_random_bfs,train,0.094999999,-2.281925669
838,fixed_random_bfs,train,6.898499966,7.488026506
839,fixed_random_bfs,train,0.417499989,0.507380678
840,fixed_random_bfs,train,-0.108499996,-2.234527363
841,fixed_random_bfs,train,6.544000149,5.977821111
842,fixed_random_bfs,holdout,14.507499695,12.801269220
843,fixed_random_bfs,train,8.654500008,9.257308727
844,fixed_random_bfs,train,4.061500072,5.701390265
845,fixed_random_bfs,train,43.985500336,39.778660930
846,fixed_random_bfs,train,48.790000916,49.990686489
847,fixed_random_bfs,train,0.509999990,0.123719550
848,fixed_random_bfs,train,5.620500088,5.223364687
849,fixed_random_bfs,train,0.203500003,-1.036710634
850,fixed_random_bfs,train,4.755000114,5.152923350
851,fixed_random_bfs,train,0.621500015,-0.422559544
852,fixed_random_bfs,train,0.756500006,-0.959141994
853,fixed_random_bfs,train,1.483999968,0.991839173
854,fixed_random_bfs,train,1.875000000,0.786129895
855,fixed_random_bfs,train,3.403000116,4.391334559
856,fixed_random_bfs,validation,13.185999870,23.080181257
857,fixed_random_bfs,holdout,43.662998199,95.833406030
858,fixed_random_bfs,train,0.750500023,0.162201131
859,fixed_random_bfs,train,57.229000092,55.059617713
860,fixed_random_bfs,train,7.664500237,9.899115957
861,fixed_random_bfs,train,25.058000565,22.771579076
862,fixed_random_bfs,train,22.165000916,21.099856942
863,fixed_random_bfs,train,-0.145500004,-0.345291392
864,fixed_random_bfs,train,0.125499994,-2.609801841
865,fixed_random_bfs,validation,2.397500038,10.241676645
866,fixed_random_bfs,holdout,-0.356500000,18.271443842
867,fixed_random_bfs,validation,0.222499996,0.030307208
868,fixed_random_bfs,holdout,0.000000000,7.880325254
869,fixed_random_bfs,train,0.446500003,-1.140311428
870,fixed_random_bfs,train,-1.601500034,-3.335348404
871,fixed_random_bfs,train,0.131999999,-0.983982326
872,fixed_random_bfs,validation,11.822999954,19.529477442
873,fixed_random_bfs,holdout,1.830000043,3.077207074
874,fixed_random_bfs,train,6.314499855,4.876593229
875,fixed_random_bfs,holdout,0.240500003,11.560633812
876,fixed_random_bfs,validation,11.737000465,13.021066892
877,fixed_random_bfs,holdout,0.000000000,-0.910845601
878,fixed_random_bfs,train,28.608499527,27.562162860
879,fixed_random_bfs,train,7.073999882,6.635777032
880,fixed_random_bfs,train,22.704000473,22.113952903
881,fixed_random_bfs,validation,6.537000179,8.873744385
882,fixed_random_bfs,train,10.078000069,10.864993109
883,fixed_random_bfs,train,-0.267500013,-2.697940451
884,fixed_random_bfs,train,10.595000267,12.305198895
885,fixed_random_bfs,holdout,17.330499649,21.073354361
886,fixed_random_bfs,train,13.677499771,14.266333415
887,fixed_random_bfs,train,27.957500458,25.077416175
888,fixed_random_bfs,train,29.033500671,28.552367220
889,fixed_random_bfs,train,58.280498505,59.624418052
890,fixed_random_bfs,train,3.857000113,4.589942420
891,fixed_random_bfs,validation,4.199500084,2.907366708
892,fixed_random_bfs,validation,0.111500002,-0.275729009
893,fixed_random_bfs,train,0.027500000,-3.194585024
894,fixed_random_bfs,train,41.940498352,44.435178724
895,fixed_random_bfs,train,0.001000000,-1.383643590
896,fixed_random_bfs,train,1.700500011,0.389777374
897,fixed_random_bfs,train,2.165999889,2.726593986
898,fixed_random_bfs,train,2.921999931,3.372330067
899,fixed_random_bfs,train,0.000000000,-1.062396158
900,fixed_random_bfs,train,8.215499878,11.366410599
901,fixed_random_bfs,train,56.486000061,53.545964585
902,fixed_random_bfs,validation,0.985000014,4.974876964
903,fixed_random_bfs,validation,49.055999756,41.424940631
904,fixed_random_bfs,validation,1.160500050,2.781052632
905,fixed_random_bfs,validation,2.419500113,1.737904444
906,fixed_random_bfs,train,0.878000021,1.352250192
907,fixed_random_bfs,train,1.349499941,1.765423282
908,fixed_random_bfs,train,1.729500055,-0.132798065
909,fixed_random_bfs,train,1.410500050,1.388381890
910,fixed_random_bfs,train,-0.082000002,-1.587167297
911,fixed_random_bfs,train,1.758499980,4.266880806
912,fixed_random_bfs,train,2.821000099,3.394442936
913,fixed_random_bfs,holdout,3.976999998,2.593027684
914,fixed_random_bfs,train,0.784500003,2.010476215
915,fixed_random_bfs,holdout,63.877498627,52.534114968
916,fixed_random_bfs,train,12.680500031,14.836863400
917,fixed_random_bfs,train,0.000000000,-1.979506560
918,fixed_random_bfs,train,0.000000000,-2.899638722
919,fixed_random_bfs,train,74.372497559,67.513564235
920,fixed_random_bfs,train,9.637000084,10.382183710
921,fixed_random_bfs,train,8.396499634,8.637874339
922,fixed_random_bfs,train,0.343499988,-0.984997457
923,fixed_random_bfs,train,0.685000002,-0.125763047
924,fixed_random_bfs,holdout,0.941500008,6.099010012
925,fixed_random_bfs,validation,0.049500000,8.133652858
926,fixed_random_bfs,train,0.742999971,0.560740349
927,fixed_random_bfs,train,36.326499939,34.943984207
928,fixed_random_bfs,train,20.261499405,20.757225352
929,fixed_random_bfs,train,5.811999798,6.933871141
930,fixed_random_bfs,train,0.749000013,0.395033098
931,fixed_random_bfs,validation,0.141499996,4.634071935
932,fixed_random_bfs,train,0.231999993,-0.434940320
933,fixed_random_bfs,train,5.278500080,9.175365006
934,fixed_random_bfs,train,6.670000076,7.121630488
935,fixed_random_bfs,train,38.370498657,36.696271982
936,fixed_random_bfs,holdout,2.163000107,6.927901898
937,fixed_random_bfs,train,0.046000000,-1.083812954
938,fixed_random_bfs,train,8.511500359,10.663035990
939,fixed_random_bfs,train,0.001500000,-5.233184856
940,fixed_random_bfs,validation,4.260499954,7.505195112
941,fixed_random_bfs,train,62.481498718,62.153828265
942,fixed_random_bfs,train,0.437500000,0.747133995
943,fixed_random_bfs,train,1.079499960,0.197034092
944,fixed_random_bfs,train,65.331001282,62.860976416
945,fixed_random_bfs,train,1.311499953,-0.926048937
946,fixed_random_bfs,train,1.373499990,1.286899142
947,fixed_random_bfs,validation,2.071000099,-0.351404688
948,fixed_random_bfs,holdout,0.351500005,0.158245270
949,fixed_random_bfs,train,8.509499550,7.677816116
950,fixed_random_bfs,validation,1.583999991,4.822509349
951,fixed_random_bfs,train,1.296499968,1.223759547
952,fixed_random_bfs,train,4.277999878,4.685830129
953,fixed_random_bfs,holdout,2.424000025,5.924926803
954,fixed_random_bfs,train,0.000000000,-1.484984535
955,fixed_random_bfs,train,-4.973999977,-2.296180274
956,fixed_random_bfs,holdout,1.598999977,1.660128726
957,fixed_random_bfs,train,0.231500000,-1.539331201
958,fixed_random_bfs,train,1.060500026,1.943677871
959,fixed_random_bfs,train,9.923500061,10.142927549
960,fixed_random_bfs,train,0.699000001,-1.217016869
961,fixed_random_bfs,train,0.238499999,0.935964182
962,fixed_random_bfs,holdout,0.000000000,-1.975326740
963,fixed_random_bfs,holdout,59.332500458,13.016353059
964,fixed_random_bfs,train,39.162498474,41.516604066
965,fixed_random_bfs,train,10.099499702,10.064534537
966,fixed_random_bfs,validation,0.001500000,4.105240271
967,fixed_random_bfs,holdout,-0.052499998,-0.347494969
968,fixed_random_bfs,train,3.037499905,3.437578703
969,fixed_random_bfs,validation,11.586000443,13.307588278
970,fixed_random_bfs,holdout,12.880000114,12.637412446
971,fixed_random_bfs,train,0.238000005,-0.259817782
972,fixed_random_bfs,holdout,4.877999783,4.299761721
973,fixed_random_bfs,validation,5.959499836,2.586773147
974,fixed_random_bfs,train,0.498499990,-0.735153599
975,fixed_random_bfs,train,5.013500214,5.280073616
976,fixed_random_bfs,train,1.217499971,0.000038962
977,fixed_random_bfs,train,13.490500450,15.310939869
978,fixed_random_bfs,validation,13.567999840,14.532309364
979,fixed_random_bfs,train,45.368000031,43.941343207
980,fixed_random_bfs,validation,2.163000107,5.219619280
981,fixed_random_bfs,train,0.000000000,-2.682739366
982,fixed_random_bfs,validation,47.347499847,56.817339029
983,fixed_random_bfs,holdout,0.000000000,0.873906119
984,fixed_random_bfs,holdout,9.300999641,17.636296301
985,fixed_random_bfs,holdout,64.680999756,73.534724679
986,fixed_random_bfs,validation,0.425999999,6.874363849
987,fixed_random_bfs,train,57.965499878,56.830871112
988,fixed_random_bfs,train,2.890000105,3.772547290
989,fixed_random_bfs,holdout,14.334500313,22.789561081
990,fixed_random_bfs,train,82.805000305,76.230328325
991,fixed_random_bfs,holdout,29.295000076,31.775833541
992,fixed_random_bfs,train,32.733501434,30.185513238
993,fixed_random_bfs,train,0.016000001,-1.238726274
994,fixed_random_bfs,train,1.479500055,0.088047024
995,fixed_random_bfs,train,5.492499828,4.632827780
996,fixed_random_bfs,validation,15.118000031,28.892666934
997,fixed_random_bfs,train,9.535499573,11.927330036
998,fixed_random_bfs,train,15.880499840,16.374824534
999,fixed_random_bfs,train,0.291999996,0.509892622
1000,fixed_random_bfs,train,0.449000001,-0.619056111
1001,fixed_random_bfs,holdout,16.783500671,9.638560325
1002,fixed_random_bfs,train,1.912500024,2.390774017
1003,fixed_random_bfs,train,1.030500054,0.779550673
1004,fixed_random_bfs,holdout,0.184499994,3.100989508
1005,fixed_random_bfs,validation,5.331999779,0.264091283
1006,fixed_random_bfs,train,1.422999978,0.483510461
1007,fixed_random_bfs,train,0.000000000,-3.849520310
1008,fixed_random_bfs,validation,2.301000118,-1.614588223
1009,fixed_random_bfs,train,3.382499933,4.722818274
1010,fixed_random_bfs,train,0.400999993,-1.311711067
1011,fixed_random_bfs,train,0.122000001,-0.593803874
1012,fixed_random_bfs,train,5.592500210,4.209811180
1013,fixed_random_bfs,train,8.779000282,10.208549263
1014,fixed_random_bfs,train,35.876499176,33.376497606
1015,fixed_random_bfs,validation,0.057000000,3.290360461
1016,fixed_random_bfs,validation,2.583499908,5.624190764
1017,fixed_random_bfs,train,9.314499855,10.756181466
1018,fixed_random_bfs,holdout,3.226999998,11.079112390
1019,fixed_random_bfs,validation,0.300500005,0.180161753
1020,fixed_random_bfs,train,0.017500000,-0.183131474
1021,fixed_random_bfs,validation,1.385499954,6.689563238
1022,fixed_random_bfs,train,0.718500018,0.530173866
1023,fixed_random_bfs,validation,0.264999986,-0.453042745
1024,fixed_random_bfs,holdout,-0.211500004,0.444058765
1025,fixed_random_bfs,validation,26.066999435,45.655362106
1026,fixed_random_bfs,validation,0.000000000,-1.327639176
1027,fixed_random_bfs,train,5.077499866,5.658641643
1028,fixed_random_bfs,train,0.709500015,0.052656979
1029,fixed_random_bfs,train,56.088001251,56.540232929
1030,fixed_random_bfs,train,0.954500020,0.939188519
1031,fixed_random_bfs,train,0.231999993,-0.423133509
1032,fixed_random_bfs,holdout,35.472999573,52.680046289
1033,fixed_random_bfs,holdout,18.264499664,31.690821355
1034,fixed_random_bfs,train,0.405499995,-0.875867461
1035,fixed_random_bfs,holdout,3.800499916,5.844634077
1036,fixed_random_bfs,train,13.147000313,12.189889202
1037,fixed_random_bfs,holdout,1.767500043,2.028251142
1038,fixed_random_bfs,train,30.943000793,30.824644212
1039,fixed_random_bfs,train,20.907499313,20.924723150
1040,fixed_random_bfs,train,46.942501068,47.657180870
1041,fixed_random_bfs,train,76.844497681,73.557759832
1042,fixed_random_bfs,validation,43.847499847,22.886689569
1043,fixed_random_bfs,train,0.000000000,-3.574931782
1044,fixed_random_bfs,train,15.937000275,16.858628595
1045,fixed_random_bfs,train,0.208000004,-4.684935147
1046,fixed_random_bfs,train,7.287499905,7.895600055
1047,fixed_random_bfs,train,52.943500519,54.264821635
1048,fixed_random_bfs,train,2.898999929,3.042057870
1049,fixed_random_bfs,validation,4.561999798,5.342850261
1050,fixed_random_bfs,validation,1.635499954,2.902158814
1051,fixed_random_bfs,train,1.322999954,0.348510371
1052,fixed_random_bfs,train,9.832500458,9.137486370
1053,fixed_random_bfs,train,1.047999978,-0.028131495
1054,fixed_random_bfs,train,4.076000214,3.502670906
1055,fixed_random_bfs,train,0.000000000,-2.048948522
1056,fixed_random_bfs,validation,0.592000008,0.855908358
1057,fixed_random_bfs,train,17.417999268,19.203360306
1058,fixed_random_bfs,validation,0.686999977,4.308128114
1059,fixed_random_bfs,train,0.433499992,0.796232815
1060,fixed_random_bfs,train,41.913501740,38.904619332
1061,fixed_random_bfs,train,39.729499817,33.697216089
1062,fixed_random_bfs,train,0.172000006,-0.970936425
1063,fixed_random_bfs,train,9.272500038,10.125595194
1064,fixed_random_bfs,train,8.050499916,9.418900588
1065,fixed_random_bfs,holdout,1.027500033,1.680197265
1066,fixed_random_bfs,holdout,9.991499901,13.102050909
1067,fixed_random_bfs,holdout,55.409999847,66.251452102
1068,fixed_random_bfs,holdout,0.713500023,1.886284685
1069,fixed_random_bfs,train,0.000000000,-3.264230687
1070,fixed_random_bfs,train,0.254000008,-1.548141011
1071,fixed_random_bfs,validation,1.074000001,-6.602177265
1072,fixed_random_bfs,holdout,0.456499994,-1.814890970
1073,fixed_random_bfs,train,0.490999997,-0.478606724
1074,fixed_random_bfs,train,2.184000015,4.550791774
1075,fixed_random_bfs,train,6.571000099,7.474269619
1076,fixed_random_bfs,train,0.616999984,0.521608273
1077,fixed_random_bfs,train,1.140499949,2.183071053
1078,fixed_random_bfs,validation,0.224000007,-7.042196190
1079,fixed_random_bfs,holdout,7.051000118,6.967357533
1080,fixed_random_bfs,train,1.266499996,0.381415482
1081,fixed_random_bfs,holdout,2.210500002,18.745428589
1082,fixed_random_bfs,train,0.000000000,-1.721496635
1083,fixed_random_bfs,train,0.498499990,0.368051087
1084,fixed_random_bfs,train,20.670000076,23.047452837
1085,fixed_random_bfs,holdout,11.798999786,17.152717887
1086,fixed_random_bfs,train,0.028000001,-0.731266389
1087,fixed_random_bfs,train,1.302000046,2.724289683
1088,fixed_random_bfs,holdout,7.976500034,6.947509577
1089,fixed_random_bfs,train,3.578999996,3.445109470
1090,fixed_random_bfs,holdout,0.342000008,0.512048932
1091,fixed_random_bfs,train,9.041000366,11.525572953
1092,fixed_random_bfs,validation,0.342999995,-1.337846761
1093,fixed_random_bfs,train,1.315999985,0.310877359
1094,fixed_random_bfs,train,52.521999359,50.652502610
1095,fixed_random_bfs,train,0.606999993,2.563591689
1096,fixed_random_bfs,train,23.194999695,24.730514731
1097,fixed_random_bfs,train,0.947000027,0.743723964
1098,fixed_random_bfs,train,0.878499985,-1.731674958
1099,fixed_random_bfs,holdout,42.930999756,34.512992298
1100,fixed_random_bfs,holdout,1.664000034,5.101949013
1101,fixed_random_bfs,train,0.003500000,-2.831539390
1102,fixed_random_bfs,holdout,1.760499954,1.096787098
1103,fixed_random_bfs,train,37.172500610,32.966508337
1104,fixed_random_bfs,holdout,1.940500021,8.402641845
1105,fixed_random_bfs,train,2.158999920,5.041523938
1106,fixed_random_bfs,train,1.205999970,0.643490435
1107,fixed_random_bfs,train,0.644999981,0.647441794
1108,fixed_random_bfs,train,13.748999596,14.282260679
1109,fixed_random_bfs,train,1.786999941,2.515351004
1110,fixed_random_bfs,train,68.594001770,64.647945219
1111,fixed_random_bfs,train,0.274500012,1.453795964
1112,fixed_random_bfs,train,6.943500042,6.077690566
1113,fixed_random_bfs,train,0.232999995,-0.810903556
1114,fixed_random_bfs,train,17.139999390,17.119550552
1115,fixed_random_bfs,holdout,14.029000282,21.931437464
1116,fixed_random_bfs,train,8.711000443,11.133762076
1117,fixed_random_bfs,validation,1.083999991,0.719360812
1118,fixed_random_bfs,holdout,0.896000028,7.592872299
1119,fixed_random_bfs,train,0.566500008,-0.813820652
1120,fixed_random_bfs,train,3.178499937,4.617561983
1121,fixed_random_bfs,train,0.000000000,-3.035371463
1122,fixed_random_bfs,train,5.176000118,5.077024837
1123,fixed_random_bfs,train,0.240500003,-0.390873265
1124,fixed_random_bfs,train,1.154999971,-0.952597661
1125,fixed_random_bfs,holdout,29.324499130,50.842050817
1126,fixed_random_bfs,train,2.315000057,2.517517443
1127,fixed_random_bfs,validation,24.686000824,8.794473543
1128,fixed_random_bfs,train,33.952499390,33.797876154
1129,fixed_random_bfs,validation,17.658000946,16.842893497
1130,fixed_random_bfs,validation,33.439498901,31.266320885
1131,fixed_random_bfs,train,73.539001465,67.064254944
1132,fixed_random_bfs,train,23.479999542,26.389876347
1133,fixed_random_bfs,train,53.415000916,50.990530096
1134,fixed_random_bfs,train,7.063000202,9.203868026
1135,fixed_random_bfs,train,0.000000000,-3.946796229
1136,fixed_random_bfs,train,6.343999863,6.139247816
1137,fixed_random_bfs,validation,0.629000008,-0.193176997
1138,fixed_random_bfs,train,8.114999771,8.903993498
1139,fixed_random_bfs,train,0.915499985,0.187380215
1140,fixed_random_bfs,train,0.816500008,1.161934447
1141,fixed_random_bfs,holdout,50.822498322,13.146746231
1142,fixed_random_bfs,train,36.605998993,37.625871201
1143,fixed_random_bfs,train,3.770999908,3.525072447
1144,fixed_random_bfs,train,0.528999984,-0.754405082
1145,fixed_random_bfs,train,13.518500328,14.612509243
1146,fixed_random_bfs,train,1.831500053,1.525663212
1147,fixed_random_bfs,train,16.448499680,15.711793519
1148,fixed_random_bfs,holdout,0.231000006,0.734421220
1149,fixed_random_bfs,train,13.789999962,12.830982914
1150,fixed_random_bfs,train,0.000000000,-2.485208535
1151,fixed_random_bfs,train,39.161499023,36.642150400
1152,fixed_random_bfs,train,14.248499870,14.456522269
1153,fixed_random_bfs,train,0.407999992,0.288704279
1154,fixed_random_bfs,train,34.798000336,31.261168699
1155,fixed_random_bfs,train,0.000000000,-3.446382615
1156,fixed_random_bfs,train,12.459500313,13.310230771
1157,fixed_random_bfs,train,8.818499565,10.156470042
1158,fixed_random_bfs,train,9.401499748,9.257244015
1159,fixed_random_bfs,train,12.265999794,10.174254817
1160,fixed_random_bfs,train,0.388500005,-1.761058622
1161,fixed_random_bfs,train,81.345497131,74.866122339
1162,fixed_random_bfs,train,47.727001190,44.532401748
1163,fixed_random_bfs,holdout,0.014000000,-4.449643006
1164,fixed_random_bfs,train,0.939999998,2.745728424
1165,fixed_random_bfs,train,0.457500011,0.958884543
1166,fixed_random_bfs,train,1.817999959,3.157272464
1167,fixed_random_bfs,train,3.048500061,4.347275383
1168,fixed_random_bfs,train,0.744499981,1.875422105
1169,fixed_random_bfs,train,1.437000036,0.677429810
1170,fixed_random_bfs,validation,1.005499959,2.056167254
1171,fixed_random_bfs,validation,0.588000000,1.747007989
1172,fixed_random_bfs,train,1.911499977,1.323754487
1173,fixed_random_bfs,train,0.842499971,-0.493534331
1174,fixed_random_bfs,train,15.446000099,16.608265918
1175,fixed_random_bfs,validation,4.922999859,4.762917088
1176,fixed_random_bfs,holdout,12.204500198,16.810241605
1177,fixed_random_bfs,train,7.230500221,7.932357488
1178,fixed_random_bfs,validation,20.867500305,21.622163405
1179,fixed_random_bfs,validation,0.000000000,-2.623468975
1180,fixed_random_bfs,train,0.334500015,-1.491318415
1181,fixed_random_bfs,holdout,0.000000000,-0.834413638
1182,fixed_random_bfs,train,19.348499298,20.041110958
1183,fixed_random_bfs,train,0.000500000,-2.387407045
1184,fixed_random_bfs,train,0.462000012,1.182237074
1185,fixed_random_bfs,train,6.236499786,8.958242253
1186,fixed_random_bfs,train,4.743000031,5.918431988
1187,fixed_random_bfs,train,0.228000000,-1.034567829
1188,fixed_random_bfs,train,0.013500000,-0.300872080
1189,fixed_random_bfs,validation,11.249500275,27.483303360
1190,fixed_random_bfs,train,13.720999718,13.698970088
1191,fixed_random_bfs,train,63.812000275,62.128965425
1192,fixed_random_bfs,validation,1.727499962,11.799635347
1193,fixed_random_bfs,train,47.847000122,43.725698697
1194,fixed_random_bfs,train,23.476499557,23.156633478
1195,fixed_random_bfs,train,6.113500118,7.917198325
1196,fixed_random_bfs,train,28.840000153,30.945082457
1197,fixed_random_bfs,train,14.696999550,13.456089221
1198,fixed_random_bfs,train,0.218999997,0.385122625
1199,fixed_random_bfs,train,11.350999832,16.040369141
