scope,method,requested_k,rank,region_id,z0_score,current_gain,future_gain
all_candidates,direct_topk,5,1,745,0.573153615,49.098500000,51.451000000
all_candidates,direct_topk,5,2,1130,0.557180762,33.439500000,36.594500000
all_candidates,direct_topk,5,3,1193,0.555435061,47.847000000,54.691500000
all_candidates,direct_topk,5,4,915,0.549595118,63.877500000,70.381000000
all_candidates,direct_topk,5,5,474,0.540103555,77.631000000,73.839500000
all_candidates,direct_topk,10,1,745,0.573153615,49.098500000,51.451000000
all_candidates,direct_topk,10,2,1130,0.557180762,33.439500000,36.594500000
all_candidates,direct_topk,10,3,1193,0.555435061,47.847000000,54.691500000
all_candidates,direct_topk,10,4,915,0.549595118,63.877500000,70.381000000
all_candidates,direct_topk,10,5,474,0.540103555,77.631000000,73.839500000
all_candidates,direct_topk,10,6,1131,0.538921356,73.539000000,72.658000000
all_candidates,direct_topk,10,7,716,0.538434267,51.921000000,53.590000000
all_candidates,direct_topk,10,8,786,0.535449207,82.143000000,79.091500000
all_candidates,direct_topk,10,9,305,0.530672133,84.048000000,80.255500000
all_candidates,direct_topk,10,10,941,0.523841321,62.481500000,59.129500000
all_candidates,direct_topk,18,1,745,0.573153615,49.098500000,51.451000000
all_candidates,direct_topk,18,2,1130,0.557180762,33.439500000,36.594500000
all_candidates,direct_topk,18,3,1193,0.555435061,47.847000000,54.691500000
all_candidates,direct_topk,18,4,915,0.549595118,63.877500000,70.381000000
all_candidates,direct_topk,18,5,474,0.540103555,77.631000000,73.839500000
all_candidates,direct_topk,18,6,1131,0.538921356,73.539000000,72.658000000
all_candidates,direct_topk,18,7,716,0.538434267,51.921000000,53.590000000
all_candidates,direct_topk,18,8,786,0.535449207,82.143000000,79.091500000
all_candidates,direct_topk,18,9,305,0.530672133,84.048000000,80.255500000
all_candidates,direct_topk,18,10,941,0.523841321,62.481500000,59.129500000
all_candidates,direct_topk,18,11,717,0.522561073,82.197500000,79.017000000
all_candidates,direct_topk,18,12,1191,0.522494376,63.812000000,58.906500000
all_candidates,direct_topk,18,13,217,0.517045677,77.646500000,76.064500000
all_candidates,direct_topk,18,14,782,0.513644576,60.906000000,56.097000000
all_candidates,direct_topk,18,15,742,0.513250351,49.975500000,59.615000000
all_candidates,direct_topk,18,16,455,0.512495637,74.102500000,76.018000000
all_candidates,direct_topk,18,17,762,0.512333453,75.420500000,77.185000000
all_candidates,direct_topk,18,18,1161,0.509060860,81.345500000,80.891000000
all_candidates,jaccard_penalty,5,1,745,0.573153615,49.098500000,51.451000000
all_candidates,jaccard_penalty,5,2,1130,0.557180762,33.439500000,36.594500000
all_candidates,jaccard_penalty,5,3,474,0.540103555,77.631000000,73.839500000
all_candidates,jaccard_penalty,5,4,716,0.538434267,51.921000000,53.590000000
all_candidates,jaccard_penalty,5,5,742,0.513250351,49.975500000,59.615000000
all_candidates,jaccard_penalty,10,1,745,0.573153615,49.098500000,51.451000000
all_candidates,jaccard_penalty,10,2,1130,0.557180762,33.439500000,36.594500000
all_candidates,jaccard_penalty,10,3,474,0.540103555,77.631000000,73.839500000
all_candidates,jaccard_penalty,10,4,716,0.538434267,51.921000000,53.590000000
all_candidates,jaccard_penalty,10,5,742,0.513250351,49.975500000,59.615000000
all_candidates,jaccard_penalty,10,6,323,0.495366573,76.572000000,79.301000000
all_candidates,jaccard_penalty,10,7,254,0.494514942,44.992000000,43.649500000
all_candidates,jaccard_penalty,10,8,731,0.448170871,48.320500000,45.912500000
all_candidates,jaccard_penalty,10,9,364,0.434179187,29.431000000,36.193000000
all_candidates,jaccard_penalty,10,10,941,0.523841321,62.481500000,59.129500000
all_candidates,jaccard_penalty,18,1,745,0.573153615,49.098500000,51.451000000
all_candidates,jaccard_penalty,18,2,1130,0.557180762,33.439500000,36.594500000
all_candidates,jaccard_penalty,18,3,474,0.540103555,77.631000000,73.839500000
all_candidates,jaccard_penalty,18,4,716,0.538434267,51.921000000,53.590000000
all_candidates,jaccard_penalty,18,5,742,0.513250351,49.975500000,59.615000000
all_candidates,jaccard_penalty,18,6,323,0.495366573,76.572000000,79.301000000
all_candidates,jaccard_penalty,18,7,254,0.494514942,44.992000000,43.649500000
all_candidates,jaccard_penalty,18,8,731,0.448170871,48.320500000,45.912500000
all_candidates,jaccard_penalty,18,9,364,0.434179187,29.431000000,36.193000000
all_candidates,jaccard_penalty,18,10,941,0.523841321,62.481500000,59.129500000
all_candidates,jaccard_penalty,18,11,785,0.422214270,59.605000000,68.568000000
all_candidates,jaccard_penalty,18,12,730,0.376842916,24.884000000,21.023000000
all_candidates,jaccard_penalty,18,13,341,0.325537384,40.134000000,40.447500000
all_candidates,jaccard_penalty,18,14,992,0.328423202,32.733500000,32.373500000
all_candidates,jaccard_penalty,18,15,135,0.292304784,33.690000000,38.554000000
all_candidates,jaccard_penalty,18,16,991,0.277615428,29.295000000,29.637000000
all_candidates,jaccard_penalty,18,17,520,0.475850284,83.438500000,84.154000000
all_candidates,jaccard_penalty,18,18,1108,0.236366525,13.749000000,10.938500000
all_candidates,marginal_coverage,5,1,745,0.573153615,49.098500000,51.451000000
all_candidates,marginal_coverage,5,2,1130,0.557180762,33.439500000,36.594500000
all_candidates,marginal_coverage,5,3,474,0.540103555,77.631000000,73.839500000
all_candidates,marginal_coverage,5,4,716,0.538434267,51.921000000,53.590000000
all_candidates,marginal_coverage,5,5,642,0.488436818,42.669500000,51.545000000
all_candidates,marginal_coverage,10,1,745,0.573153615,49.098500000,51.451000000
all_candidates,marginal_coverage,10,2,1130,0.557180762,33.439500000,36.594500000
all_candidates,marginal_coverage,10,3,474,0.540103555,77.631000000,73.839500000
all_candidates,marginal_coverage,10,4,716,0.538434267,51.921000000,53.590000000
all_candidates,marginal_coverage,10,5,642,0.488436818,42.669500000,51.545000000
all_candidates,marginal_coverage,10,6,520,0.475850284,83.438500000,84.154000000
all_candidates,marginal_coverage,10,7,1162,0.453003615,47.727000000,44.460500000
all_candidates,marginal_coverage,10,8,1182,0.400384218,19.348500000,18.873500000
all_candidates,marginal_coverage,10,9,785,0.422214270,59.605000000,68.568000000
all_candidates,marginal_coverage,10,10,1141,0.363301277,50.822500000,51.246000000
all_candidates,marginal_coverage,18,1,745,0.573153615,49.098500000,51.451000000
all_candidates,marginal_coverage,18,2,1130,0.557180762,33.439500000,36.594500000
all_candidates,marginal_coverage,18,3,474,0.540103555,77.631000000,73.839500000
all_candidates,marginal_coverage,18,4,716,0.538434267,51.921000000,53.590000000
all_candidates,marginal_coverage,18,5,642,0.488436818,42.669500000,51.545000000
all_candidates,marginal_coverage,18,6,520,0.475850284,83.438500000,84.154000000
all_candidates,marginal_coverage,18,7,1162,0.453003615,47.727000000,44.460500000
all_candidates,marginal_coverage,18,8,1182,0.400384218,19.348500000,18.873500000
all_candidates,marginal_coverage,18,9,785,0.422214270,59.605000000,68.568000000
all_candidates,marginal_coverage,18,10,1141,0.363301277,50.822500000,51.246000000
all_candidates,marginal_coverage,18,11,1094,0.358758390,52.522000000,49.115000000
all_candidates,marginal_coverage,18,12,673,0.323596150,18.975000000,15.782500000
all_candidates,marginal_coverage,18,13,120,0.276648730,33.017000000,32.687500000
all_candidates,marginal_coverage,18,14,443,0.248176321,31.335500000,33.732000000
all_candidates,marginal_coverage,18,15,1108,0.236366525,13.749000000,10.938500000
all_candidates,marginal_coverage,18,16,679,0.210151449,24.212000000,20.632000000
all_candidates,marginal_coverage,18,17,1084,0.222705081,20.670000000,22.226000000
all_candidates,marginal_coverage,18,18,1032,0.205331758,35.473000000,32.734500000
all_candidates,hard_disjoint,5,1,745,0.573153615,49.098500000,51.451000000
all_candidates,hard_disjoint,5,2,1130,0.557180762,33.439500000,36.594500000
all_candidates,hard_disjoint,5,3,474,0.540103555,77.631000000,73.839500000
all_candidates,hard_disjoint,5,4,716,0.538434267,51.921000000,53.590000000
all_candidates,hard_disjoint,5,5,642,0.488436818,42.669500000,51.545000000
all_candidates,hard_disjoint,10,1,745,0.573153615,49.098500000,51.451000000
all_candidates,hard_disjoint,10,2,1130,0.557180762,33.439500000,36.594500000
all_candidates,hard_disjoint,10,3,474,0.540103555,77.631000000,73.839500000
all_candidates,hard_disjoint,10,4,716,0.538434267,51.921000000,53.590000000
all_candidates,hard_disjoint,10,5,642,0.488436818,42.669500000,51.545000000
all_candidates,hard_disjoint,10,6,520,0.475850284,83.438500000,84.154000000
all_candidates,hard_disjoint,10,7,1162,0.453003615,47.727000000,44.460500000
all_candidates,hard_disjoint,10,8,1182,0.400384218,19.348500000,18.873500000
all_candidates,hard_disjoint,10,9,1141,0.363301277,50.822500000,51.246000000
all_candidates,hard_disjoint,10,10,1094,0.358758390,52.522000000,49.115000000
all_candidates,hard_disjoint,18,1,745,0.573153615,49.098500000,51.451000000
all_candidates,hard_disjoint,18,2,1130,0.557180762,33.439500000,36.594500000
all_candidates,hard_disjoint,18,3,474,0.540103555,77.631000000,73.839500000
all_candidates,hard_disjoint,18,4,716,0.538434267,51.921000000,53.590000000
all_candidates,hard_disjoint,18,5,642,0.488436818,42.669500000,51.545000000
all_candidates,hard_disjoint,18,6,520,0.475850284,83.438500000,84.154000000
all_candidates,hard_disjoint,18,7,1162,0.453003615,47.727000000,44.460500000
all_candidates,hard_disjoint,18,8,1182,0.400384218,19.348500000,18.873500000
all_candidates,hard_disjoint,18,9,1141,0.363301277,50.822500000,51.246000000
all_candidates,hard_disjoint,18,10,1094,0.358758390,52.522000000,49.115000000
all_candidates,hard_disjoint,18,11,673,0.323596150,18.975000000,15.782500000
all_candidates,hard_disjoint,18,12,120,0.276648730,33.017000000,32.687500000
all_candidates,hard_disjoint,18,13,443,0.248176321,31.335500000,33.732000000
all_candidates,hard_disjoint,18,14,1108,0.236366525,13.749000000,10.938500000
all_candidates,hard_disjoint,18,15,679,0.210151449,24.212000000,20.632000000
all_candidates,hard_disjoint,18,16,1032,0.205331758,35.473000000,32.734500000
all_candidates,hard_disjoint,18,17,224,0.205266371,20.566000000,20.970000000
all_candidates,hard_disjoint,18,18,201,0.187868595,27.662500000,28.251000000
train,direct_topk,5,1,745,0.573153615,49.098500000,51.451000000
train,direct_topk,5,2,1193,0.555435061,47.847000000,54.691500000
train,direct_topk,5,3,474,0.540103555,77.631000000,73.839500000
train,direct_topk,5,4,1131,0.538921356,73.539000000,72.658000000
train,direct_topk,5,5,716,0.538434267,51.921000000,53.590000000
train,direct_topk,10,1,745,0.573153615,49.098500000,51.451000000
train,direct_topk,10,2,1193,0.555435061,47.847000000,54.691500000
train,direct_topk,10,3,474,0.540103555,77.631000000,73.839500000
train,direct_topk,10,4,1131,0.538921356,73.539000000,72.658000000
train,direct_topk,10,5,716,0.538434267,51.921000000,53.590000000
train,direct_topk,10,6,786,0.535449207,82.143000000,79.091500000
train,direct_topk,10,7,305,0.530672133,84.048000000,80.255500000
train,direct_topk,10,8,941,0.523841321,62.481500000,59.129500000
train,direct_topk,10,9,717,0.522561073,82.197500000,79.017000000
train,direct_topk,10,10,1191,0.522494376,63.812000000,58.906500000
train,direct_topk,18,1,745,0.573153615,49.098500000,51.451000000
train,direct_topk,18,2,1193,0.555435061,47.847000000,54.691500000
train,direct_topk,18,3,474,0.540103555,77.631000000,73.839500000
train,direct_topk,18,4,1131,0.538921356,73.539000000,72.658000000
train,direct_topk,18,5,716,0.538434267,51.921000000,53.590000000
train,direct_topk,18,6,786,0.535449207,82.143000000,79.091500000
train,direct_topk,18,7,305,0.530672133,84.048000000,80.255500000
train,direct_topk,18,8,941,0.523841321,62.481500000,59.129500000
train,direct_topk,18,9,717,0.522561073,82.197500000,79.017000000
train,direct_topk,18,10,1191,0.522494376,63.812000000,58.906500000
train,direct_topk,18,11,217,0.517045677,77.646500000,76.064500000
train,direct_topk,18,12,782,0.513644576,60.906000000,56.097000000
train,direct_topk,18,13,742,0.513250351,49.975500000,59.615000000
train,direct_topk,18,14,762,0.512333453,75.420500000,77.185000000
train,direct_topk,18,15,1161,0.509060860,81.345500000,80.891000000
train,direct_topk,18,16,990,0.508334935,82.805000000,80.888500000
train,direct_topk,18,17,1041,0.506165922,76.844500000,75.013500000
train,direct_topk,18,18,944,0.504919410,65.331000000,66.653500000
train,jaccard_penalty,5,1,745,0.573153615,49.098500000,51.451000000
train,jaccard_penalty,5,2,474,0.540103555,77.631000000,73.839500000
train,jaccard_penalty,5,3,716,0.538434267,51.921000000,53.590000000
train,jaccard_penalty,5,4,1193,0.555435061,47.847000000,54.691500000
train,jaccard_penalty,5,5,607,0.484205633,34.298000000,43.737500000
train,jaccard_penalty,10,1,745,0.573153615,49.098500000,51.451000000
train,jaccard_penalty,10,2,474,0.540103555,77.631000000,73.839500000
train,jaccard_penalty,10,3,716,0.538434267,51.921000000,53.590000000
train,jaccard_penalty,10,4,1193,0.555435061,47.847000000,54.691500000
train,jaccard_penalty,10,5,607,0.484205633,34.298000000,43.737500000
train,jaccard_penalty,10,6,520,0.475850284,83.438500000,84.154000000
train,jaccard_penalty,10,7,254,0.494514942,44.992000000,43.649500000
train,jaccard_penalty,10,8,731,0.448170871,48.320500000,45.912500000
train,jaccard_penalty,10,9,941,0.523841321,62.481500000,59.129500000
train,jaccard_penalty,10,10,845,0.498097181,43.985500000,47.732500000
train,jaccard_penalty,18,1,745,0.573153615,49.098500000,51.451000000
train,jaccard_penalty,18,2,474,0.540103555,77.631000000,73.839500000
train,jaccard_penalty,18,3,716,0.538434267,51.921000000,53.590000000
train,jaccard_penalty,18,4,1193,0.555435061,47.847000000,54.691500000
train,jaccard_penalty,18,5,607,0.484205633,34.298000000,43.737500000
train,jaccard_penalty,18,6,520,0.475850284,83.438500000,84.154000000
train,jaccard_penalty,18,7,254,0.494514942,44.992000000,43.649500000
train,jaccard_penalty,18,8,731,0.448170871,48.320500000,45.912500000
train,jaccard_penalty,18,9,941,0.523841321,62.481500000,59.129500000
train,jaccard_penalty,18,10,845,0.498097181,43.985500000,47.732500000
train,jaccard_penalty,18,11,1060,0.425037056,41.913500000,50.473000000
train,jaccard_penalty,18,12,992,0.328423202,32.733500000,32.373500000
train,jaccard_penalty,18,13,450,0.293157637,57.971500000,59.969000000
train,jaccard_penalty,18,14,775,0.323607832,20.252500000,22.302500000
train,jaccard_penalty,18,15,979,0.278674364,45.368000000,41.247000000
train,jaccard_penalty,18,16,878,0.253447324,28.608500000,27.238000000
train,jaccard_penalty,18,17,887,0.234403178,27.957500000,30.161000000
train,jaccard_penalty,18,18,1108,0.236366525,13.749000000,10.938500000
train,marginal_coverage,5,1,745,0.573153615,49.098500000,51.451000000
train,marginal_coverage,5,2,474,0.540103555,77.631000000,73.839500000
train,marginal_coverage,5,3,716,0.538434267,51.921000000,53.590000000
train,marginal_coverage,5,4,742,0.513250351,49.975500000,59.615000000
train,marginal_coverage,5,5,520,0.475850284,83.438500000,84.154000000
train,marginal_coverage,10,1,745,0.573153615,49.098500000,51.451000000
train,marginal_coverage,10,2,474,0.540103555,77.631000000,73.839500000
train,marginal_coverage,10,3,716,0.538434267,51.921000000,53.590000000
train,marginal_coverage,10,4,742,0.513250351,49.975500000,59.615000000
train,marginal_coverage,10,5,520,0.475850284,83.438500000,84.154000000
train,marginal_coverage,10,6,1162,0.453003615,47.727000000,44.460500000
train,marginal_coverage,10,7,1182,0.400384218,19.348500000,18.873500000
train,marginal_coverage,10,8,473,0.447742730,64.580000000,75.450500000
train,marginal_coverage,10,9,1094,0.358758390,52.522000000,49.115000000
train,marginal_coverage,10,10,673,0.323596150,18.975000000,15.782500000
train,marginal_coverage,18,1,745,0.573153615,49.098500000,51.451000000
train,marginal_coverage,18,2,474,0.540103555,77.631000000,73.839500000
train,marginal_coverage,18,3,716,0.538434267,51.921000000,53.590000000
train,marginal_coverage,18,4,742,0.513250351,49.975500000,59.615000000
train,marginal_coverage,18,5,520,0.475850284,83.438500000,84.154000000
train,marginal_coverage,18,6,1162,0.453003615,47.727000000,44.460500000
train,marginal_coverage,18,7,1182,0.400384218,19.348500000,18.873500000
train,marginal_coverage,18,8,473,0.447742730,64.580000000,75.450500000
train,marginal_coverage,18,9,1094,0.358758390,52.522000000,49.115000000
train,marginal_coverage,18,10,673,0.323596150,18.975000000,15.782500000
train,marginal_coverage,18,11,450,0.293157637,57.971500000,59.969000000
train,marginal_coverage,18,12,992,0.328423202,32.733500000,32.373500000
train,marginal_coverage,18,13,794,0.274262637,34.144000000,40.372500000
train,marginal_coverage,18,14,878,0.253447324,28.608500000,27.238000000
train,marginal_coverage,18,15,1108,0.236366525,13.749000000,10.938500000
train,marginal_coverage,18,16,663,0.205338642,16.298500000,15.971000000
train,marginal_coverage,18,17,1084,0.222705081,20.670000000,22.226000000
train,marginal_coverage,18,18,681,0.195929885,21.323000000,21.805000000
train,hard_disjoint,5,1,745,0.573153615,49.098500000,51.451000000
train,hard_disjoint,5,2,474,0.540103555,77.631000000,73.839500000
train,hard_disjoint,5,3,716,0.538434267,51.921000000,53.590000000
train,hard_disjoint,5,4,742,0.513250351,49.975500000,59.615000000
train,hard_disjoint,5,5,520,0.475850284,83.438500000,84.154000000
train,hard_disjoint,10,1,745,0.573153615,49.098500000,51.451000000
train,hard_disjoint,10,2,474,0.540103555,77.631000000,73.839500000
train,hard_disjoint,10,3,716,0.538434267,51.921000000,53.590000000
train,hard_disjoint,10,4,742,0.513250351,49.975500000,59.615000000
train,hard_disjoint,10,5,520,0.475850284,83.438500000,84.154000000
train,hard_disjoint,10,6,1162,0.453003615,47.727000000,44.460500000
train,hard_disjoint,10,7,1182,0.400384218,19.348500000,18.873500000
train,hard_disjoint,10,8,1094,0.358758390,52.522000000,49.115000000
train,hard_disjoint,10,9,673,0.323596150,18.975000000,15.782500000
train,hard_disjoint,10,10,450,0.293157637,57.971500000,59.969000000
train,hard_disjoint,18,1,745,0.573153615,49.098500000,51.451000000
train,hard_disjoint,18,2,474,0.540103555,77.631000000,73.839500000
train,hard_disjoint,18,3,716,0.538434267,51.921000000,53.590000000
train,hard_disjoint,18,4,742,0.513250351,49.975500000,59.615000000
train,hard_disjoint,18,5,520,0.475850284,83.438500000,84.154000000
train,hard_disjoint,18,6,1162,0.453003615,47.727000000,44.460500000
train,hard_disjoint,18,7,1182,0.400384218,19.348500000,18.873500000
train,hard_disjoint,18,8,1094,0.358758390,52.522000000,49.115000000
train,hard_disjoint,18,9,673,0.323596150,18.975000000,15.782500000
train,hard_disjoint,18,10,450,0.293157637,57.971500000,59.969000000
train,hard_disjoint,18,11,794,0.274262637,34.144000000,40.372500000
train,hard_disjoint,18,12,1039,0.247528136,20.907500000,22.963000000
train,hard_disjoint,18,13,64,0.221589714,31.314500000,29.786500000
train,hard_disjoint,18,14,663,0.205338642,16.298500000,15.971000000
train,hard_disjoint,18,15,681,0.195929885,21.323000000,21.805000000
train,hard_disjoint,18,16,251,0.164811805,23.862500000,20.248500000
train,hard_disjoint,18,17,977,0.153074637,13.490500000,10.359500000
train,hard_disjoint,18,18,640,0.148176044,16.769000000,16.515000000
validation,direct_topk,5,1,1130,0.557180762,33.439500000,36.594500000
validation,direct_topk,5,2,215,0.506210029,25.034500000,24.765500000
validation,direct_topk,5,3,638,0.471706718,71.993500000,69.612500000
validation,direct_topk,5,4,59,0.470874161,50.636500000,51.831500000
validation,direct_topk,5,5,618,0.448591560,42.880000000,50.407500000
validation,direct_topk,10,1,1130,0.557180762,33.439500000,36.594500000
validation,direct_topk,10,2,215,0.506210029,25.034500000,24.765500000
validation,direct_topk,10,3,638,0.471706718,71.993500000,69.612500000
validation,direct_topk,10,4,59,0.470874161,50.636500000,51.831500000
validation,direct_topk,10,5,618,0.448591560,42.880000000,50.407500000
validation,direct_topk,10,6,359,0.447473764,40.826500000,48.213500000
validation,direct_topk,10,7,423,0.431488812,72.930000000,73.946000000
validation,direct_topk,10,8,157,0.424570203,69.884000000,64.306500000
validation,direct_topk,10,9,114,0.409425795,35.944000000,34.197000000
validation,direct_topk,10,10,903,0.399984211,49.056000000,44.407000000
validation,direct_topk,18,1,1130,0.557180762,33.439500000,36.594500000
validation,direct_topk,18,2,215,0.506210029,25.034500000,24.765500000
validation,direct_topk,18,3,638,0.471706718,71.993500000,69.612500000
validation,direct_topk,18,4,59,0.470874161,50.636500000,51.831500000
validation,direct_topk,18,5,618,0.448591560,42.880000000,50.407500000
validation,direct_topk,18,6,359,0.447473764,40.826500000,48.213500000
validation,direct_topk,18,7,423,0.431488812,72.930000000,73.946000000
validation,direct_topk,18,8,157,0.424570203,69.884000000,64.306500000
validation,direct_topk,18,9,114,0.409425795,35.944000000,34.197000000
validation,direct_topk,18,10,903,0.399984211,49.056000000,44.407000000
validation,direct_topk,18,11,436,0.398505598,73.080500000,77.531000000
validation,direct_topk,18,12,5,0.381175041,45.496000000,40.418000000
validation,direct_topk,18,13,730,0.376842916,24.884000000,21.023000000
validation,direct_topk,18,14,47,0.373877436,64.051500000,65.786500000
validation,direct_topk,18,15,754,0.370187134,40.352500000,42.076500000
validation,direct_topk,18,16,536,0.357617825,51.898500000,51.533000000
validation,direct_topk,18,17,172,0.276110351,50.700000000,44.765500000
validation,direct_topk,18,18,1042,0.266533613,43.847500000,39.581000000
validation,jaccard_penalty,5,1,1130,0.557180762,33.439500000,36.594500000
validation,jaccard_penalty,5,2,215,0.506210029,25.034500000,24.765500000
validation,jaccard_penalty,5,3,638,0.471706718,71.993500000,69.612500000
validation,jaccard_penalty,5,4,423,0.431488812,72.930000000,73.946000000
validation,jaccard_penalty,5,5,903,0.399984211,49.056000000,44.407000000
validation,jaccard_penalty,10,1,1130,0.557180762,33.439500000,36.594500000
validation,jaccard_penalty,10,2,215,0.506210029,25.034500000,24.765500000
validation,jaccard_penalty,10,3,638,0.471706718,71.993500000,69.612500000
validation,jaccard_penalty,10,4,423,0.431488812,72.930000000,73.946000000
validation,jaccard_penalty,10,5,903,0.399984211,49.056000000,44.407000000
validation,jaccard_penalty,10,6,730,0.376842916,24.884000000,21.023000000
validation,jaccard_penalty,10,7,618,0.448591560,42.880000000,50.407500000
validation,jaccard_penalty,10,8,754,0.370187134,40.352500000,42.076500000
validation,jaccard_penalty,10,9,536,0.357617825,51.898500000,51.533000000
validation,jaccard_penalty,10,10,1042,0.266533613,43.847500000,39.581000000
validation,jaccard_penalty,18,1,1130,0.557180762,33.439500000,36.594500000
validation,jaccard_penalty,18,2,215,0.506210029,25.034500000,24.765500000
validation,jaccard_penalty,18,3,638,0.471706718,71.993500000,69.612500000
validation,jaccard_penalty,18,4,423,0.431488812,72.930000000,73.946000000
validation,jaccard_penalty,18,5,903,0.399984211,49.056000000,44.407000000
validation,jaccard_penalty,18,6,730,0.376842916,24.884000000,21.023000000
validation,jaccard_penalty,18,7,618,0.448591560,42.880000000,50.407500000
validation,jaccard_penalty,18,8,754,0.370187134,40.352500000,42.076500000
validation,jaccard_penalty,18,9,536,0.357617825,51.898500000,51.533000000
validation,jaccard_penalty,18,10,1042,0.266533613,43.847500000,39.581000000
validation,jaccard_penalty,18,11,1129,0.231592461,17.658000000,13.253500000
validation,jaccard_penalty,18,12,791,0.222453386,33.381000000,29.449000000
validation,jaccard_penalty,18,13,519,0.215728462,17.701500000,18.172500000
validation,jaccard_penalty,18,14,682,0.186070308,23.864500000,23.401000000
validation,jaccard_penalty,18,15,1025,0.188207150,26.067000000,22.722000000
validation,jaccard_penalty,18,16,399,0.175577417,28.964500000,28.958000000
validation,jaccard_penalty,18,17,484,0.155968040,14.140500000,14.192000000
validation,jaccard_penalty,18,18,982,0.235081673,47.347500000,41.990000000
validation,marginal_coverage,5,1,1130,0.557180762,33.439500000,36.594500000
validation,marginal_coverage,5,2,215,0.506210029,25.034500000,24.765500000
validation,marginal_coverage,5,3,638,0.471706718,71.993500000,69.612500000
validation,marginal_coverage,5,4,423,0.431488812,72.930000000,73.946000000
validation,marginal_coverage,5,5,903,0.399984211,49.056000000,44.407000000
validation,marginal_coverage,10,1,1130,0.557180762,33.439500000,36.594500000
validation,marginal_coverage,10,2,215,0.506210029,25.034500000,24.765500000
validation,marginal_coverage,10,3,638,0.471706718,71.993500000,69.612500000
validation,marginal_coverage,10,4,423,0.431488812,72.930000000,73.946000000
validation,marginal_coverage,10,5,903,0.399984211,49.056000000,44.407000000
validation,marginal_coverage,10,6,730,0.376842916,24.884000000,21.023000000
validation,marginal_coverage,10,7,754,0.370187134,40.352500000,42.076500000
validation,marginal_coverage,10,8,536,0.357617825,51.898500000,51.533000000
validation,marginal_coverage,10,9,1042,0.266533613,43.847500000,39.581000000
validation,marginal_coverage,10,10,1129,0.231592461,17.658000000,13.253500000
validation,marginal_coverage,18,1,1130,0.557180762,33.439500000,36.594500000
validation,marginal_coverage,18,2,215,0.506210029,25.034500000,24.765500000
validation,marginal_coverage,18,3,638,0.471706718,71.993500000,69.612500000
validation,marginal_coverage,18,4,423,0.431488812,72.930000000,73.946000000
validation,marginal_coverage,18,5,903,0.399984211,49.056000000,44.407000000
validation,marginal_coverage,18,6,730,0.376842916,24.884000000,21.023000000
validation,marginal_coverage,18,7,754,0.370187134,40.352500000,42.076500000
validation,marginal_coverage,18,8,536,0.357617825,51.898500000,51.533000000
validation,marginal_coverage,18,9,1042,0.266533613,43.847500000,39.581000000
validation,marginal_coverage,18,10,1129,0.231592461,17.658000000,13.253500000
validation,marginal_coverage,18,11,618,0.448591560,42.880000000,50.407500000
validation,marginal_coverage,18,12,519,0.215728462,17.701500000,18.172500000
validation,marginal_coverage,18,13,791,0.222453386,33.381000000,29.449000000
validation,marginal_coverage,18,14,682,0.186070308,23.864500000,23.401000000
validation,marginal_coverage,18,15,1178,0.150057420,20.867500000,16.556000000
validation,marginal_coverage,18,16,484,0.155968040,14.140500000,14.192000000
validation,marginal_coverage,18,17,399,0.175577417,28.964500000,28.958000000
validation,marginal_coverage,18,18,872,0.115839407,11.823000000,12.946500000
validation,hard_disjoint,5,1,1130,0.557180762,33.439500000,36.594500000
validation,hard_disjoint,5,2,215,0.506210029,25.034500000,24.765500000
validation,hard_disjoint,5,3,638,0.471706718,71.993500000,69.612500000
validation,hard_disjoint,5,4,423,0.431488812,72.930000000,73.946000000
validation,hard_disjoint,5,5,903,0.399984211,49.056000000,44.407000000
validation,hard_disjoint,10,1,1130,0.557180762,33.439500000,36.594500000
validation,hard_disjoint,10,2,215,0.506210029,25.034500000,24.765500000
validation,hard_disjoint,10,3,638,0.471706718,71.993500000,69.612500000
validation,hard_disjoint,10,4,423,0.431488812,72.930000000,73.946000000
validation,hard_disjoint,10,5,903,0.399984211,49.056000000,44.407000000
validation,hard_disjoint,10,6,730,0.376842916,24.884000000,21.023000000
validation,hard_disjoint,10,7,754,0.370187134,40.352500000,42.076500000
validation,hard_disjoint,10,8,536,0.357617825,51.898500000,51.533000000
validation,hard_disjoint,10,9,1042,0.266533613,43.847500000,39.581000000
validation,hard_disjoint,10,10,1129,0.231592461,17.658000000,13.253500000
validation,hard_disjoint,18,1,1130,0.557180762,33.439500000,36.594500000
validation,hard_disjoint,18,2,215,0.506210029,25.034500000,24.765500000
validation,hard_disjoint,18,3,638,0.471706718,71.993500000,69.612500000
validation,hard_disjoint,18,4,423,0.431488812,72.930000000,73.946000000
validation,hard_disjoint,18,5,903,0.399984211,49.056000000,44.407000000
validation,hard_disjoint,18,6,730,0.376842916,24.884000000,21.023000000
validation,hard_disjoint,18,7,754,0.370187134,40.352500000,42.076500000
validation,hard_disjoint,18,8,536,0.357617825,51.898500000,51.533000000
validation,hard_disjoint,18,9,1042,0.266533613,43.847500000,39.581000000
validation,hard_disjoint,18,10,1129,0.231592461,17.658000000,13.253500000
validation,hard_disjoint,18,11,519,0.215728462,17.701500000,18.172500000
validation,hard_disjoint,18,12,682,0.186070308,23.864500000,23.401000000
validation,hard_disjoint,18,13,1178,0.150057420,20.867500000,16.556000000
validation,hard_disjoint,18,14,1189,0.120203301,11.249500000,9.148000000
validation,hard_disjoint,18,15,872,0.115839407,11.823000000,12.946500000
validation,hard_disjoint,18,16,978,0.110224463,13.568000000,9.468000000
validation,hard_disjoint,18,17,37,0.101213410,9.166500000,9.865000000
validation,hard_disjoint,18,18,351,0.091077454,-3.387000000,-3.098000000
holdout,direct_topk,5,1,915,0.549595118,63.877500000,70.381000000
holdout,direct_topk,5,2,455,0.512495637,74.102500000,76.018000000
holdout,direct_topk,5,3,323,0.495366573,76.572000000,79.301000000
holdout,direct_topk,5,4,63,0.480010569,56.572500000,64.892500000
holdout,direct_topk,5,5,648,0.462267667,62.242500000,68.401500000
holdout,direct_topk,10,1,915,0.549595118,63.877500000,70.381000000
holdout,direct_topk,10,2,455,0.512495637,74.102500000,76.018000000
holdout,direct_topk,10,3,323,0.495366573,76.572000000,79.301000000
holdout,direct_topk,10,4,63,0.480010569,56.572500000,64.892500000
holdout,direct_topk,10,5,648,0.462267667,62.242500000,68.401500000
holdout,direct_topk,10,6,857,0.442179471,43.663000000,45.979500000
holdout,direct_topk,10,7,40,0.431185603,42.223500000,45.766500000
holdout,direct_topk,10,8,297,0.420871794,67.885500000,69.734000000
holdout,direct_topk,10,9,533,0.418699265,54.216000000,54.938500000
holdout,direct_topk,10,10,985,0.418180913,64.681000000,68.080000000
holdout,direct_topk,18,1,915,0.549595118,63.877500000,70.381000000
holdout,direct_topk,18,2,455,0.512495637,74.102500000,76.018000000
holdout,direct_topk,18,3,323,0.495366573,76.572000000,79.301000000
holdout,direct_topk,18,4,63,0.480010569,56.572500000,64.892500000
holdout,direct_topk,18,5,648,0.462267667,62.242500000,68.401500000
holdout,direct_topk,18,6,857,0.442179471,43.663000000,45.979500000
holdout,direct_topk,18,7,40,0.431185603,42.223500000,45.766500000
holdout,direct_topk,18,8,297,0.420871794,67.885500000,69.734000000
holdout,direct_topk,18,9,533,0.418699265,54.216000000,54.938500000
holdout,direct_topk,18,10,985,0.418180913,64.681000000,68.080000000
holdout,direct_topk,18,11,385,0.416098058,35.158500000,43.094000000
holdout,direct_topk,18,12,789,0.407952666,55.494500000,55.668500000
holdout,direct_topk,18,13,131,0.398260146,44.068000000,36.636500000
holdout,direct_topk,18,14,396,0.395918041,61.786000000,68.129500000
holdout,direct_topk,18,15,824,0.394017041,43.178500000,45.239000000
holdout,direct_topk,18,16,6,0.391757190,42.772000000,42.725500000
holdout,direct_topk,18,17,419,0.369842023,38.798000000,35.403000000
holdout,direct_topk,18,18,1141,0.363301277,50.822500000,51.246000000
holdout,jaccard_penalty,5,1,915,0.549595118,63.877500000,70.381000000
holdout,jaccard_penalty,5,2,455,0.512495637,74.102500000,76.018000000
holdout,jaccard_penalty,5,3,857,0.442179471,43.663000000,45.979500000
holdout,jaccard_penalty,5,4,40,0.431185603,42.223500000,45.766500000
holdout,jaccard_penalty,5,5,385,0.416098058,35.158500000,43.094000000
holdout,jaccard_penalty,10,1,915,0.549595118,63.877500000,70.381000000
holdout,jaccard_penalty,10,2,455,0.512495637,74.102500000,76.018000000
holdout,jaccard_penalty,10,3,857,0.442179471,43.663000000,45.979500000
holdout,jaccard_penalty,10,4,40,0.431185603,42.223500000,45.766500000
holdout,jaccard_penalty,10,5,385,0.416098058,35.158500000,43.094000000
holdout,jaccard_penalty,10,6,131,0.398260146,44.068000000,36.636500000
holdout,jaccard_penalty,10,7,396,0.395918041,61.786000000,68.129500000
holdout,jaccard_penalty,10,8,1141,0.363301277,50.822500000,51.246000000
holdout,jaccard_penalty,10,9,991,0.277615428,29.295000000,29.637000000
holdout,jaccard_penalty,10,10,218,0.233067676,30.416500000,33.199000000
holdout,jaccard_penalty,18,1,915,0.549595118,63.877500000,70.381000000
holdout,jaccard_penalty,18,2,455,0.512495637,74.102500000,76.018000000
holdout,jaccard_penalty,18,3,857,0.442179471,43.663000000,45.979500000
holdout,jaccard_penalty,18,4,40,0.431185603,42.223500000,45.766500000
holdout,jaccard_penalty,18,5,385,0.416098058,35.158500000,43.094000000
holdout,jaccard_penalty,18,6,131,0.398260146,44.068000000,36.636500000
holdout,jaccard_penalty,18,7,396,0.395918041,61.786000000,68.129500000
holdout,jaccard_penalty,18,8,1141,0.363301277,50.822500000,51.246000000
holdout,jaccard_penalty,18,9,991,0.277615428,29.295000000,29.637000000
holdout,jaccard_penalty,18,10,218,0.233067676,30.416500000,33.199000000
holdout,jaccard_penalty,18,11,143,0.226080075,21.141500000,20.315000000
holdout,jaccard_penalty,18,12,1067,0.346259117,55.410000000,51.308000000
holdout,jaccard_penalty,18,13,321,0.214465663,16.613000000,14.283500000
holdout,jaccard_penalty,18,14,679,0.210151449,24.212000000,20.632000000
holdout,jaccard_penalty,18,15,1032,0.205331758,35.473000000,32.734500000
holdout,jaccard_penalty,18,16,297,0.420871794,67.885500000,69.734000000
holdout,jaccard_penalty,18,17,1099,0.333038211,42.931000000,38.482500000
holdout,jaccard_penalty,18,18,667,0.142400309,20.707500000,22.346000000
holdout,marginal_coverage,5,1,915,0.549595118,63.877500000,70.381000000
holdout,marginal_coverage,5,2,455,0.512495637,74.102500000,76.018000000
holdout,marginal_coverage,5,3,857,0.442179471,43.663000000,45.979500000
holdout,marginal_coverage,5,4,40,0.431185603,42.223500000,45.766500000
holdout,marginal_coverage,5,5,385,0.416098058,35.158500000,43.094000000
holdout,marginal_coverage,10,1,915,0.549595118,63.877500000,70.381000000
holdout,marginal_coverage,10,2,455,0.512495637,74.102500000,76.018000000
holdout,marginal_coverage,10,3,857,0.442179471,43.663000000,45.979500000
holdout,marginal_coverage,10,4,40,0.431185603,42.223500000,45.766500000
holdout,marginal_coverage,10,5,385,0.416098058,35.158500000,43.094000000
holdout,marginal_coverage,10,6,131,0.398260146,44.068000000,36.636500000
holdout,marginal_coverage,10,7,396,0.395918041,61.786000000,68.129500000
holdout,marginal_coverage,10,8,1141,0.363301277,50.822500000,51.246000000
holdout,marginal_coverage,10,9,991,0.277615428,29.295000000,29.637000000
holdout,marginal_coverage,10,10,218,0.233067676,30.416500000,33.199000000
holdout,marginal_coverage,18,1,915,0.549595118,63.877500000,70.381000000
holdout,marginal_coverage,18,2,455,0.512495637,74.102500000,76.018000000
holdout,marginal_coverage,18,3,857,0.442179471,43.663000000,45.979500000
holdout,marginal_coverage,18,4,40,0.431185603,42.223500000,45.766500000
holdout,marginal_coverage,18,5,385,0.416098058,35.158500000,43.094000000
holdout,marginal_coverage,18,6,131,0.398260146,44.068000000,36.636500000
holdout,marginal_coverage,18,7,396,0.395918041,61.786000000,68.129500000
holdout,marginal_coverage,18,8,1141,0.363301277,50.822500000,51.246000000
holdout,marginal_coverage,18,9,991,0.277615428,29.295000000,29.637000000
holdout,marginal_coverage,18,10,218,0.233067676,30.416500000,33.199000000
holdout,marginal_coverage,18,11,143,0.226080075,21.141500000,20.315000000
holdout,marginal_coverage,18,12,321,0.214465663,16.613000000,14.283500000
holdout,marginal_coverage,18,13,679,0.210151449,24.212000000,20.632000000
holdout,marginal_coverage,18,14,1032,0.205331758,35.473000000,32.734500000
holdout,marginal_coverage,18,15,1067,0.346259117,55.410000000,51.308000000
holdout,marginal_coverage,18,16,667,0.142400309,20.707500000,22.346000000
holdout,marginal_coverage,18,17,83,0.141207829,15.100000000,13.383000000
holdout,marginal_coverage,18,18,55,0.159449846,13.928500000,13.588500000
holdout,hard_disjoint,5,1,915,0.549595118,63.877500000,70.381000000
holdout,hard_disjoint,5,2,455,0.512495637,74.102500000,76.018000000
holdout,hard_disjoint,5,3,857,0.442179471,43.663000000,45.979500000
holdout,hard_disjoint,5,4,40,0.431185603,42.223500000,45.766500000
holdout,hard_disjoint,5,5,385,0.416098058,35.158500000,43.094000000
holdout,hard_disjoint,10,1,915,0.549595118,63.877500000,70.381000000
holdout,hard_disjoint,10,2,455,0.512495637,74.102500000,76.018000000
holdout,hard_disjoint,10,3,857,0.442179471,43.663000000,45.979500000
holdout,hard_disjoint,10,4,40,0.431185603,42.223500000,45.766500000
holdout,hard_disjoint,10,5,385,0.416098058,35.158500000,43.094000000
holdout,hard_disjoint,10,6,131,0.398260146,44.068000000,36.636500000
holdout,hard_disjoint,10,7,396,0.395918041,61.786000000,68.129500000
holdout,hard_disjoint,10,8,1067,0.346259117,55.410000000,51.308000000
holdout,hard_disjoint,10,9,991,0.277615428,29.295000000,29.637000000
holdout,hard_disjoint,10,10,218,0.233067676,30.416500000,33.199000000
holdout,hard_disjoint,18,1,915,0.549595118,63.877500000,70.381000000
holdout,hard_disjoint,18,2,455,0.512495637,74.102500000,76.018000000
holdout,hard_disjoint,18,3,857,0.442179471,43.663000000,45.979500000
holdout,hard_disjoint,18,4,40,0.431185603,42.223500000,45.766500000
holdout,hard_disjoint,18,5,385,0.416098058,35.158500000,43.094000000
holdout,hard_disjoint,18,6,131,0.398260146,44.068000000,36.636500000
holdout,hard_disjoint,18,7,396,0.395918041,61.786000000,68.129500000
holdout,hard_disjoint,18,8,1067,0.346259117,55.410000000,51.308000000
holdout,hard_disjoint,18,9,991,0.277615428,29.295000000,29.637000000
holdout,hard_disjoint,18,10,218,0.233067676,30.416500000,33.199000000
holdout,hard_disjoint,18,11,143,0.226080075,21.141500000,20.315000000
holdout,hard_disjoint,18,12,321,0.214465663,16.613000000,14.283500000
holdout,hard_disjoint,18,13,1032,0.205331758,35.473000000,32.734500000
holdout,hard_disjoint,18,14,667,0.142400309,20.707500000,22.346000000
holdout,hard_disjoint,18,15,340,0.123201795,12.039000000,11.290000000
holdout,hard_disjoint,18,16,984,0.122622401,9.301000000,11.451500000
holdout,hard_disjoint,18,17,668,0.122462995,15.543000000,15.827500000
holdout,hard_disjoint,18,18,1085,0.109646574,11.799000000,10.390000000
